{"Episode": 214, "Desired Accumulation 0": 6018.10241672981, "_timestamp": 1695694958.489637, "_runtime": 58185.12682700157, "_step": 9843, "Total Demand 0": 6172.0, "Desired Acc. to Total Demand ratio 0": 0.9750652003774806, "Desired Accumulation 1": 5752.5413824314455, "Total Demand 1": 10480.0, "Desired Acc. to Total Demand ratio 1": 0.5489066204610158, "Desired Accumulation 2": 5550.329142310484, "Total Demand 2": 6780.0, "Desired Acc. to Total Demand ratio 2": 0.8186326168599534, "Desired Accumulation 3": 6364.555347814901, "Total Demand 3": 3392.0, "Desired Acc. to Total Demand ratio 3": 1.8763429681058081, "Desired Accumulation 4": 5831.778250481049, "Total Demand 4": 5156.0, "Desired Acc. to Total Demand ratio 4": 1.1310663790692492, "Desired Accumulation 5": 6366.681726683542, "Total Demand 5": 6088.0, "Desired Acc. to Total Demand ratio 5": 1.045775579284419, "Desired Accumulation 6": 5540.308822091594, "Total Demand 6": 9476.0, "Desired Acc. to Total Demand ratio 6": 0.5846674569535241, "Desired Accumulation 7": 6367.792256042794, "Total Demand 7": 9776.0, "Desired Acc. to Total Demand ratio 7": 0.6513699116246721, "Desired Accumulation 8": 5556.374310705238, "Total Demand 8": 9904.0, "Desired Acc. to Total Demand ratio 8": 0.5610232543119182, "Desired Accumulation 9": 5635.170921165446, "Total Demand 9": 3840.0, "Desired Acc. to Total Demand ratio 9": 1.4674924273868348, "Desired Accumulation 10": 5919.230168878996, "Total Demand 10": 5584.0, "Desired Acc. to Total Demand ratio 10": 1.0600340560313388, "Desired Accumulation 11": 6246.496585167759, "Total Demand 11": 3524.0, "Desired Acc. to Total Demand ratio 11": 1.7725586223518044, "Desired Accumulation 12": 6350.460754833666, "Total Demand 12": 3072.0, "Desired Acc. to Total Demand ratio 12": 2.067207276964084, "Desired Accumulation 13": 5742.857102795304, "Total Demand 13": 9364.0, "Desired Acc. to Total Demand ratio 13": 0.6132910190939026, "Desired Accumulation 14": 5376.245668189466, "Total Demand 14": 8284.0, "Desired Acc. to Total Demand ratio 14": 0.648991509921471, "Reward": 316807.3214035159, "Best Reward:": 327438.0394768069, "ServedDemand": 35702.34032353834, "Best Served Demand": 37176.308304330196, "Reb. Cost": 10930.955770139386, "Best Reb. Cost": 11779.55063868012, "Spatial Reb. Cost": 177.7755100085823, "Avg. Time": 4.368619163831075, "_wandb": {"runtime": 58359}}