{"Reward": 2008160.5320642784, "ServedDemand": 345061.10988024366, "Reb. Cost": 120660.06100185485, "Avg.Time": 15.268371622613136, "_timestamp": 1711447868.5628984, "_runtime": 723.204624414444, "_step": 0, "_wandb": {"runtime": 722}}