{"Episode": 5, "Desired Accumulation 0": 35.00742486066635, "_timestamp": 1711462558.8683949, "_runtime": 463.45877385139465, "_step": 150, "Total Demand 0": 5084.0, "Desired Acc. to Total Demand ratio 0": 0.0068858034737738685, "Desired Accumulation 1": 51.0, "Total Demand 1": 6760.0, "Desired Acc. to Total Demand ratio 1": 0.007544378698224852, "Desired Accumulation 2": 33.0, "Total Demand 2": 4708.0, "Desired Acc. to Total Demand ratio 2": 0.007009345794392523, "Desired Accumulation 3": 16.0, "Total Demand 3": 2932.0, "Desired Acc. to Total Demand ratio 3": 0.005457025920873124, "Desired Accumulation 4": 26.0, "Total Demand 4": 3836.0, "Desired Acc. to Total Demand ratio 4": 0.006777893639207508, "Desired Accumulation 5": 37.0, "Total Demand 5": 5116.0, "Desired Acc. to Total Demand ratio 5": 0.007232212666145426, "Desired Accumulation 6": 58.05939888533078, "Total Demand 6": 8040.0, "Desired Acc. to Total Demand ratio 6": 0.007221318269319749, "Desired Accumulation 7": 134.19014194547876, "Total Demand 7": 9060.0, "Desired Acc. to Total Demand ratio 7": 0.014811273945417081, "Desired Accumulation 8": 63.11879777066156, "Total Demand 8": 9140.0, "Desired Acc. to Total Demand ratio 8": 0.006905776561341527, "Desired Accumulation 9": 26.0, "Total Demand 9": 3624.0, "Desired Acc. to Total Demand ratio 9": 0.00717439293598234, "AVG Reward ": NaN, "Std Reward ": NaN, "AVG Satisfied Demand ": 7177.979937420516, "AVG Charging Cost ": NaN, "AVG Spatial Rebalancing Cost": NaN, "AVG Timestep Time": 1.8974297682444257, "_wandb": {"runtime": 463}}