{"Reward": 2271217.91271094, "ServedDemand": 385406.30067945155, "Reb. Cost": 89313.12372416526, "Avg.Time": 411.17765855789185, "_timestamp": 1711447128.3123093, "_runtime": 416.89577627182007, "_step": 0, "_wandb": {"runtime": 416}}