{"Reward": 845821.3064678016, "ServedDemand": 145750.59430484107, "Reb. Cost": 46131.57178780151, "Avg.Time": 3.985704153142077, "_timestamp": 1711446579.8165467, "_runtime": 192.18198370933533, "_step": 0, "_wandb": {"runtime": 191}}