{"Episode": 1, "Desired Accumulation 0": 11937.210741936231, "_timestamp": 1694739172.66924, "_runtime": 28.166461944580078, "_step": 15, "Total Demand 0": 11140.0, "Desired Acc. to Total Demand ratio 0": 1.0715629032258736, "Desired Accumulation 1": 11673.84387697971, "Total Demand 1": 6476.0, "Desired Acc. to Total Demand ratio 1": 1.8026318525292944, "Desired Accumulation 2": 11308.888043785493, "Total Demand 2": 10720.0, "Desired Acc. to Total Demand ratio 2": 1.0549335861740199, "Desired Accumulation 3": 12448.863689546062, "Total Demand 3": 10944.0, "Desired Acc. to Total Demand ratio 3": 1.1375058195857148, "Desired Accumulation 4": 11309.782160786826, "Total Demand 4": 13856.0, "Desired Acc. to Total Demand ratio 4": 0.8162371651838067, "Reward": 209832.8827821996, "Best Reward:": 209832.8827821996, "ServedDemand": 37571.212805642965, "Best Served Demand": 37571.212805642965, "Reb. Cost": 16842.387924075363, "Best Reb. Cost": 16842.387924075363, "Spatial Reb. Cost": 424.59683341579046, "Avg. Time": 0.5757612983385721, "_wandb": {"runtime": 217}}