{"Reward": 3544804.400415168, "ServedDemand": 541579.359844011, "Reb. Cost": 132424.8552707655, "Avg.Time": 960.8322882652283, "_timestamp": 1711449235.877516, "_runtime": 967.580512046814, "_step": 0, "_wandb": {"runtime": 967}}