{"Episode": 1, "Desired Accumulation 0": 3294.9015448501077, "_timestamp": 1695959233.986067, "_runtime": 32.78825402259827, "_step": 15, "Total Demand 0": 4588.0, "Desired Acc. to Total Demand ratio 0": 0.7181563960004594, "Desired Accumulation 1": 3227.192769846662, "Total Demand 1": 3668.0, "Desired Acc. to Total Demand ratio 1": 0.879823546850235, "Desired Accumulation 2": 3527.411868975762, "Total Demand 2": 2956.0, "Desired Acc. to Total Demand ratio 2": 1.1933057743490398, "Desired Accumulation 3": 3308.2849179342697, "Total Demand 3": 2964.0, "Desired Acc. to Total Demand ratio 3": 1.1161555053759344, "Desired Accumulation 4": 3340.9800644227425, "Total Demand 4": 2580.0, "Desired Acc. to Total Demand ratio 4": 1.2949535133421484, "Reward": 66419.7847717106, "Best Reward:": 66419.7847717106, "ServedDemand": 11607.971799239778, "Best Served Demand": 11607.971799239778, "Reb. Cost": 4650.070639889656, "Best Reb. Cost": 4650.070639889656, "Spatial Reb. Cost": 83.42549688092251, "Avg. Time": 0.6713052640358607, "_wandb": {"runtime": 36}}