{"Reward": 84593.85323860127, "ServedDemand": 10673.27898623709, "Reb. Cost": 2718.5438580534774, "Avg.Time": 206.1486234664917, "_timestamp": 1711445791.3793123, "_runtime": 220.2423312664032, "_step": 0, "_wandb": {"runtime": 219}}