{"Episode": 5, "Desired Accumulation 0": 843.0066606409191, "_timestamp": 1711482950.5006797, "_runtime": 1651.7492866516113, "_step": 300, "Total Demand 0": 67556.0, "Desired Acc. to Total Demand ratio 0": 0.01247863491978387, "Desired Accumulation 1": 1410.0, "Total Demand 1": 96560.0, "Desired Acc. to Total Demand ratio 1": 0.014602319801159901, "Desired Accumulation 2": 1660.0628489142503, "Total Demand 2": 111072.0, "Desired Acc. to Total Demand ratio 2": 0.014945826571181308, "Desired Accumulation 3": 866.0, "Total Demand 3": 69508.0, "Desired Acc. to Total Demand ratio 3": 0.012458997525464695, "Desired Accumulation 4": 959.0, "Total Demand 4": 68208.0, "Desired Acc. to Total Demand ratio 4": 0.014059934318555008, "Desired Accumulation 5": 1059.0, "Total Demand 5": 85488.0, "Desired Acc. to Total Demand ratio 5": 0.012387703537338575, "Desired Accumulation 6": 391.0, "Total Demand 6": 33600.0, "Desired Acc. to Total Demand ratio 6": 0.011636904761904762, "Desired Accumulation 7": 644.0, "Total Demand 7": 42632.0, "Desired Acc. to Total Demand ratio 7": 0.015106023644210922, "Desired Accumulation 8": 443.0, "Total Demand 8": 32308.0, "Desired Acc. to Total Demand ratio 8": 0.0137117741735793, "Desired Accumulation 9": 580.0, "Total Demand 9": 46588.0, "Desired Acc. to Total Demand ratio 9": 0.012449557826049626, "Desired Accumulation 10": 920.0, "Total Demand 10": 77896.0, "Desired Acc. to Total Demand ratio 10": 0.011810619287254801, "Desired Accumulation 11": 485.0, "Total Demand 11": 32540.0, "Desired Acc. to Total Demand ratio 11": 0.014904732636754764, "Desired Accumulation 12": 855.0, "Total Demand 12": 60656.0, "Desired Acc. to Total Demand ratio 12": 0.014095884990767608, "Desired Accumulation 13": 523.0, "Total Demand 13": 40820.0, "Desired Acc. to Total Demand ratio 13": 0.01281234688878001, "Desired Accumulation 14": 421.0, "Total Demand 14": 28344.0, "Desired Acc. to Total Demand ratio 14": 0.014853231724527237, "Desired Accumulation 15": 594.0, "Total Demand 15": 36724.0, "Desired Acc. to Total Demand ratio 15": 0.016174708637403334, "Desired Accumulation 16": 554.0, "Total Demand 16": 36112.0, "Desired Acc. to Total Demand ratio 16": 0.015341160832964112, "Desired Accumulation 17": 700.0, "Total Demand 17": 51280.0, "Desired Acc. to Total Demand ratio 17": 0.013650546021840874, "Desired Accumulation 18": 627.0, "Total Demand 18": 48008.0, "Desired Acc. to Total Demand ratio 18": 0.013060323279453424, "Desired Accumulation 19": 450.0, "Total Demand 19": 33400.0, "Desired Acc. to Total Demand ratio 19": 0.01347305389221557, "AVG Reward ": 1617666.767210593, "Std Reward ": 1367.7974049083114, "AVG Satisfied Demand ": 215923.28123770864, "AVG Charging Cost ": 10285.171199999997, "AVG Spatial Rebalancing Cost": 12670.783754377951, "AVG Timestep Time": 6.836065866549811, "_wandb": {"runtime": 1651}}