{"Episode": 3052, "Desired Accumulation 0": 3135.4052858020386, "_timestamp": 1695627826.471292, "_runtime": 400868.6423289776, "_step": 94611, "Total Demand 0": 5084.0, "Desired Acc. to Total Demand ratio 0": 0.6167201584976473, "Desired Accumulation 1": 3427.674175543695, "Total Demand 1": 6760.0, "Desired Acc. to Total Demand ratio 1": 0.5070523928319076, "Desired Accumulation 2": 3303.774533968235, "Total Demand 2": 4708.0, "Desired Acc. to Total Demand ratio 2": 0.7017363071300414, "Desired Accumulation 3": 3280.4027450396943, "Total Demand 3": 2932.0, "Desired Acc. to Total Demand ratio 3": 1.11882767566156, "Desired Accumulation 4": 3160.1173037067333, "Total Demand 4": 3836.0, "Desired Acc. to Total Demand ratio 4": 0.823805345074748, "Desired Accumulation 5": 3254.9616930723028, "Total Demand 5": 5116.0, "Desired Acc. to Total Demand ratio 5": 0.6362317617420451, "Desired Accumulation 6": 3903.5389209383975, "Total Demand 6": 8040.0, "Desired Acc. to Total Demand ratio 6": 0.4855147911614922, "Desired Accumulation 7": 4145.339100654836, "Total Demand 7": 9060.0, "Desired Acc. to Total Demand ratio 7": 0.45754294709214527, "Desired Accumulation 8": 3867.994166517287, "Total Demand 8": 9140.0, "Desired Acc. to Total Demand ratio 8": 0.42319411012224145, "Desired Accumulation 9": 3133.013499340999, "Total Demand 9": 3624.0, "Desired Acc. to Total Demand ratio 9": 0.8645180737695913, "Reward": 240479.1706615294, "Best Reward:": 256149.3278447253, "ServedDemand": 28245.05677576007, "Best Served Demand": 30446.234027408846, "Reb. Cost": 11803.57700929029, "Best Reb. Cost": 12238.366726582866, "Spatial Reb. Cost": 283.42774573378745, "Avg. Time": 2.024983137845993}