{"Episode": 5, "Desired Accumulation 0": 2555.43733656996, "_timestamp": 1711452870.7196755, "_runtime": 123.31945943832397, "_step": 75, "Total Demand 0": 30632.0, "Desired Acc. to Total Demand ratio 0": 0.08342378351299164, "Desired Accumulation 1": 2531.0, "Total Demand 1": 44440.0, "Desired Acc. to Total Demand ratio 1": 0.056953195319531955, "Desired Accumulation 2": 2531.0, "Total Demand 2": 63888.0, "Desired Acc. to Total Demand ratio 2": 0.03961620335587278, "Desired Accumulation 3": 2531.0, "Total Demand 3": 39448.0, "Desired Acc. to Total Demand ratio 3": 0.06416041370918678, "Desired Accumulation 4": 2531.0, "Total Demand 4": 42860.0, "Desired Acc. to Total Demand ratio 4": 0.059052729818012135, "AVG Reward ": 313706.46267204126, "Std Reward ": 428.53997322293833, "AVG Satisfied Demand ": 51413.60078092264, "AVG Charging Cost ": 2177.008173921572, "AVG Spatial Rebalancing Cost": 2743.1324420170276, "AVG Timestep Time": 0.4864695956309637, "_wandb": {"runtime": 122}}