{"Episode": 2, "Desired Accumulation 0": 8211.53757906639, "_timestamp": 1695879009.618472, "_runtime": 93.59225821495056, "_step": 31, "Total Demand 0": 4588.0, "Desired Acc. to Total Demand ratio 0": 1.789785871636092, "Desired Accumulation 1": 8370.947467188762, "Total Demand 1": 3668.0, "Desired Acc. to Total Demand ratio 1": 2.2821557980340135, "Desired Accumulation 2": 8121.005372404731, "Total Demand 2": 2956.0, "Desired Acc. to Total Demand ratio 2": 2.747295457511749, "Desired Accumulation 3": 7628.800178701474, "Total Demand 3": 2964.0, "Desired Acc. to Total Demand ratio 3": 2.5738192235834934, "Desired Accumulation 4": 7907.370406061905, "Total Demand 4": 2580.0, "Desired Acc. to Total Demand ratio 4": 3.064872250411591, "Reward": 70831.32993178631, "Best Reward:": 71533.78156686269, "ServedDemand": 13712.980754569993, "Best Served Demand": 13822.070692983265, "Reb. Cost": 12640.487629250953, "Best Reb. Cost": 12612.556701795924, "Spatial Reb. Cost": 296.0169012985593, "Avg. Time": 0.6509944548209509, "_wandb": {"runtime": 115}}