{"Episode": 1, "Desired Accumulation 0": 1586.8731939456131, "_timestamp": 1718744733.1223633, "_runtime": 16.471391439437866, "_step": 15, "Total Demand 0": 3932.0, "Desired Acc. to Total Demand ratio 0": 0.4035791439332689, "Desired Accumulation 1": 1960.8644619623324, "Total Demand 1": 5024.0, "Desired Acc. to Total Demand ratio 1": 0.39029945500842605, "Desired Accumulation 2": 1730.9329868180305, "Total Demand 2": 3816.0, "Desired Acc. to Total Demand ratio 2": 0.4535987910948717, "Desired Accumulation 3": 1747.0903330427604, "Total Demand 3": 2736.0, "Desired Acc. to Total Demand ratio 3": 0.6385564082758627, "Desired Accumulation 4": 1478.4275065375602, "Total Demand 4": 3372.0, "Desired Acc. to Total Demand ratio 4": 0.4384423210372361, "Reward": 73675.93896428242, "Best Reward:": 73675.93896428242, "ServedDemand": 9502.598725993508, "Best Served Demand": 9502.598725993508, "Reb. Cost": 4866.4305408710225, "Best Reb. Cost": 4866.4305408710225, "Spatial Reb. Cost": 85.59007783420094, "Avg. Time": 0.318509375055631, "_wandb": {"runtime": 264}}