{"Episode": 5, "Desired Accumulation 0": 683.8283051580437, "_timestamp": 1711463668.4359949, "_runtime": 1088.5952808856964, "_step": 225, "Total Demand 0": 59292.0, "Desired Acc. to Total Demand ratio 0": 0.01153323053966882, "Desired Accumulation 1": 571.0, "Total Demand 1": 83868.0, "Desired Acc. to Total Demand ratio 1": 0.006808317832784853, "Desired Accumulation 2": 571.0, "Total Demand 2": 95352.0, "Desired Acc. to Total Demand ratio 2": 0.005988337947814414, "Desired Accumulation 3": 571.0, "Total Demand 3": 63720.0, "Desired Acc. to Total Demand ratio 3": 0.008961079723791588, "Desired Accumulation 4": 571.0, "Total Demand 4": 60796.0, "Desired Acc. to Total Demand ratio 4": 0.009392065267451805, "Desired Accumulation 5": 571.0, "Total Demand 5": 79920.0, "Desired Acc. to Total Demand ratio 5": 0.007144644644644644, "Desired Accumulation 6": 571.0, "Total Demand 6": 30064.0, "Desired Acc. to Total Demand ratio 6": 0.018992815327301755, "Desired Accumulation 7": 571.0, "Total Demand 7": 34128.0, "Desired Acc. to Total Demand ratio 7": 0.016731129864041256, "Desired Accumulation 8": 571.0, "Total Demand 8": 28424.0, "Desired Acc. to Total Demand ratio 8": 0.0200886574725584, "Desired Accumulation 9": 571.0, "Total Demand 9": 42768.0, "Desired Acc. to Total Demand ratio 9": 0.013351103628881407, "Desired Accumulation 10": 571.0, "Total Demand 10": 71548.0, "Desired Acc. to Total Demand ratio 10": 0.00798065634259518, "Desired Accumulation 11": 571.0, "Total Demand 11": 23028.0, "Desired Acc. to Total Demand ratio 11": 0.024795900642695847, "Desired Accumulation 12": 571.0, "Total Demand 12": 47512.0, "Desired Acc. to Total Demand ratio 12": 0.01201801650109446, "Desired Accumulation 13": 571.0, "Total Demand 13": 28196.0, "Desired Acc. to Total Demand ratio 13": 0.020251099446730033, "Desired Accumulation 14": 571.0, "Total Demand 14": 16120.0, "Desired Acc. to Total Demand ratio 14": 0.03542183622828784, "AVG Reward ": 999733.6467309218, "Std Reward ": 1692.271375212603, "AVG Satisfied Demand ": 133771.2735971691, "AVG Charging Cost ": 20288.898250765298, "AVG Spatial Rebalancing Cost": 22071.85327634186, "AVG Timestep Time": 4.490410403410594, "_wandb": {"runtime": 1088}}