{"Episode": 1, "Desired Accumulation 0": 6299.595084991744, "_timestamp": 1695875789.8979588, "_runtime": 30.935243844985962, "_step": 15, "Total Demand 0": 7824.0, "Desired Acc. to Total Demand ratio 0": 0.8051629709856524, "Desired Accumulation 1": 6327.220734565707, "Total Demand 1": 5172.0, "Desired Acc. to Total Demand ratio 1": 1.2233605441929054, "Desired Accumulation 2": 5931.73472780792, "Total Demand 2": 11304.0, "Desired Acc. to Total Demand ratio 2": 0.5247465258145718, "Desired Accumulation 3": 6308.364732570201, "Total Demand 3": 11492.0, "Desired Acc. to Total Demand ratio 3": 0.5489353230569267, "Desired Accumulation 4": 6526.595469539269, "Total Demand 4": 13120.0, "Desired Acc. to Total Demand ratio 4": 0.49745392298317603, "Reward": 118743.80200169659, "Best Reward:": 118743.80200169659, "ServedDemand": 20563.953691108756, "Best Served Demand": 20563.953691108756, "Reb. Cost": 4131.6985678778165, "Best Reb. Cost": 4131.6985678778165, "Spatial Reb. Cost": 95.997, "Avg. Time": 0.6345817446708679, "_wandb": {"runtime": 66}}