{"Episode": 5, "Desired Accumulation 0": 200.64583746562766, "_timestamp": 1711454146.640122, "_runtime": 122.28714990615845, "_step": 75, "Total Demand 0": 3932.0, "Desired Acc. to Total Demand ratio 0": 0.05102895154263165, "Desired Accumulation 1": 159.0, "Total Demand 1": 5024.0, "Desired Acc. to Total Demand ratio 1": 0.03164808917197452, "Desired Accumulation 2": 159.0, "Total Demand 2": 3816.0, "Desired Acc. to Total Demand ratio 2": 0.041666666666666664, "Desired Accumulation 3": 159.0, "Total Demand 3": 2736.0, "Desired Acc. to Total Demand ratio 3": 0.0581140350877193, "Desired Accumulation 4": 159.0, "Total Demand 4": 3372.0, "Desired Acc. to Total Demand ratio 4": 0.04715302491103203, "AVG Reward ": 25850.372593742915, "Std Reward ": 314.0722257048514, "AVG Satisfied Demand ": 3171.715779497413, "AVG Charging Cost ": 161.9712, "AVG Spatial Rebalancing Cost": 194.20721392580458, "AVG Timestep Time": 0.4821124603350957, "_wandb": {"runtime": 121}}