{"Episode": 5, "Desired Accumulation 0": 923.4321001800913, "_timestamp": 1711464793.9004447, "_runtime": 1104.7453906536102, "_step": 225, "Total Demand 0": 59292.0, "Desired Acc. to Total Demand ratio 0": 0.01557431188322356, "Desired Accumulation 1": 807.0, "Total Demand 1": 83868.0, "Desired Acc. to Total Demand ratio 1": 0.009622263557018172, "Desired Accumulation 2": 807.0, "Total Demand 2": 95352.0, "Desired Acc. to Total Demand ratio 2": 0.00846337780015102, "Desired Accumulation 3": 807.0, "Total Demand 3": 63720.0, "Desired Acc. to Total Demand ratio 3": 0.012664783427495292, "Desired Accumulation 4": 807.0, "Total Demand 4": 60796.0, "Desired Acc. to Total Demand ratio 4": 0.013273899598657806, "Desired Accumulation 5": 807.0, "Total Demand 5": 79920.0, "Desired Acc. to Total Demand ratio 5": 0.010097597597597598, "Desired Accumulation 6": 807.0, "Total Demand 6": 30064.0, "Desired Acc. to Total Demand ratio 6": 0.02684273549760511, "Desired Accumulation 7": 807.0, "Total Demand 7": 34128.0, "Desired Acc. to Total Demand ratio 7": 0.023646272855133616, "Desired Accumulation 8": 807.0, "Total Demand 8": 28424.0, "Desired Acc. to Total Demand ratio 8": 0.028391500140726146, "Desired Accumulation 9": 807.0, "Total Demand 9": 42768.0, "Desired Acc. to Total Demand ratio 9": 0.018869248035914703, "Desired Accumulation 10": 807.0, "Total Demand 10": 71548.0, "Desired Acc. to Total Demand ratio 10": 0.011279141275786884, "Desired Accumulation 11": 807.0, "Total Demand 11": 23028.0, "Desired Acc. to Total Demand ratio 11": 0.035044293903074515, "Desired Accumulation 12": 807.0, "Total Demand 12": 47512.0, "Desired Acc. to Total Demand ratio 12": 0.016985182690688667, "Desired Accumulation 13": 807.0, "Total Demand 13": 28196.0, "Desired Acc. to Total Demand ratio 13": 0.028621081004397787, "Desired Accumulation 14": 807.0, "Total Demand 14": 16120.0, "Desired Acc. to Total Demand ratio 14": 0.050062034739454093, "AVG Reward ": 1136958.5699536193, "Std Reward ": 1314.1819216690203, "AVG Satisfied Demand ": 154031.35227859844, "AVG Charging Cost ": 7118.41343799583, "AVG Spatial Rebalancing Cost": 9286.3288364023, "AVG Timestep Time": 4.557302590211232, "_wandb": {"runtime": 1104}}