{"Episode": 1, "Desired Accumulation 0": 8243.293186139907, "_timestamp": 1695879223.2262077, "_runtime": 31.13652276992798, "_step": 15, "Total Demand 0": 4588.0, "Desired Acc. to Total Demand ratio 0": 1.7967073204315402, "Desired Accumulation 1": 7835.01319930285, "Total Demand 1": 3668.0, "Desired Acc. to Total Demand ratio 1": 2.136045037977876, "Desired Accumulation 2": 8307.260145677741, "Total Demand 2": 2956.0, "Desired Acc. to Total Demand ratio 2": 2.8103045147759613, "Desired Accumulation 3": 7842.858387595229, "Total Demand 3": 2964.0, "Desired Acc. to Total Demand ratio 3": 2.6460385923060827, "Desired Accumulation 4": 8145.640511998077, "Total Demand 4": 2580.0, "Desired Acc. to Total Demand ratio 4": 3.1572250046504173, "Reward": 71795.96068783324, "Best Reward:": 71795.96068783324, "ServedDemand": 13819.211826220167, "Best Served Demand": 13819.211826220167, "Reb. Cost": 12332.910848490244, "Best Reb. Cost": 12332.910848490244, "Spatial Reb. Cost": 221.2185511594526, "Avg. Time": 0.63909183939298, "_wandb": {"runtime": 33}}