{"Episode": 5, "Desired Accumulation 0": 24.0063000876226, "_timestamp": 1711461124.1533568, "_runtime": 466.4286108016968, "_step": 150, "Total Demand 0": 5084.0, "Desired Acc. to Total Demand ratio 0": 0.004721931567195633, "Desired Accumulation 1": 37.0, "Total Demand 1": 6760.0, "Desired Acc. to Total Demand ratio 1": 0.005473372781065089, "Desired Accumulation 2": 22.0, "Total Demand 2": 4708.0, "Desired Acc. to Total Demand ratio 2": 0.004672897196261682, "Desired Accumulation 3": 13.0, "Total Demand 3": 2932.0, "Desired Acc. to Total Demand ratio 3": 0.004433833560709414, "Desired Accumulation 4": 17.0, "Total Demand 4": 3836.0, "Desired Acc. to Total Demand ratio 4": 0.0044316996871741395, "Desired Accumulation 5": 27.0, "Total Demand 5": 5116.0, "Desired Acc. to Total Demand ratio 5": 0.00527756059421423, "Desired Accumulation 6": 41.05040070098079, "Total Demand 6": 8040.0, "Desired Acc. to Total Demand ratio 6": 0.005105771231465272, "Desired Accumulation 7": 105.00923460831812, "Total Demand 7": 9060.0, "Desired Acc. to Total Demand ratio 7": 0.011590423245951227, "Desired Accumulation 8": 44.100801401961576, "Total Demand 8": 9140.0, "Desired Acc. to Total Demand ratio 8": 0.004825032976144592, "Desired Accumulation 9": 17.0, "Total Demand 9": 3624.0, "Desired Acc. to Total Demand ratio 9": 0.004690949227373068, "AVG Reward ": 55034.82067434507, "Std Reward ": 690.6606968705881, "AVG Satisfied Demand ": 5906.43920222606, "AVG Charging Cost ": 1503.7627867572523, "AVG Spatial Rebalancing Cost": 1601.7291485765377, "AVG Timestep Time": 1.9098871231079102, "_wandb": {"runtime": 466}}