{"Episode": 1679, "Desired Accumulation 0": 16415.722457355063, "_timestamp": 1695954809.833851, "_runtime": 74790.94617700577, "_step": 26863, "Total Demand 0": 4588.0, "Desired Acc. to Total Demand ratio 0": 3.5779691493799177, "Desired Accumulation 1": 17667.038694969855, "Total Demand 1": 3668.0, "Desired Acc. to Total Demand ratio 1": 4.816531814332022, "Desired Accumulation 2": 16554.939311614227, "Total Demand 2": 2956.0, "Desired Acc. to Total Demand ratio 2": 5.600453082413473, "Desired Accumulation 3": 17616.22425511726, "Total Demand 3": 2964.0, "Desired Acc. to Total Demand ratio 3": 5.943395497677888, "Desired Accumulation 4": 16171.540536495279, "Total Demand 4": 2580.0, "Desired Acc. to Total Demand ratio 4": 6.268038967633829, "Reward": 60451.85813198156, "Best Reward:": 62770.29298696778, "ServedDemand": 13688.355966632045, "Best Served Demand": 14091.411939892681, "Reb. Cost": 22870.469999663263, "Best Reb. Cost": 23015.057510726998, "Spatial Reb. Cost": 497.2639741824146, "Avg. Time": 0.5760103563467661, "_wandb": {"runtime": 74823}}