{"Episode": 156, "Desired Accumulation 0": 7108.49298166108, "_timestamp": 1698793361.4864514, "_runtime": 70323.19882440567, "_step": 4835, "Total Demand 0": 16640.0, "Desired Acc. to Total Demand ratio 0": 0.42719308784020915, "Desired Accumulation 1": 4510.942999200731, "Total Demand 1": 25096.0, "Desired Acc. to Total Demand ratio 1": 0.17974748960793477, "Desired Accumulation 2": 7476.708002053431, "Total Demand 2": 26176.0, "Desired Acc. to Total Demand ratio 2": 0.28563218223003634, "Desired Accumulation 3": 5315.5780047096605, "Total Demand 3": 13992.0, "Desired Acc. to Total Demand ratio 3": 0.37990122961046746, "Desired Accumulation 4": 5404.444000275074, "Total Demand 4": 13976.0, "Desired Acc. to Total Demand ratio 4": 0.3866946193671347, "Desired Accumulation 5": 5091.93500667931, "Total Demand 5": 19760.0, "Desired Acc. to Total Demand ratio 5": 0.2576890185566453, "Desired Accumulation 6": 5599.956999785796, "Total Demand 6": 8576.0, "Desired Acc. to Total Demand ratio 6": 0.6529800606093512, "Desired Accumulation 7": 7026.268996623833, "Total Demand 7": 14864.0, "Desired Acc. to Total Demand ratio 7": 0.4727037807201179, "Desired Accumulation 8": 5250.902998502583, "Total Demand 8": 10660.0, "Desired Acc. to Total Demand ratio 8": 0.4925800186212554, "Desired Accumulation 9": 4391.941000067055, "Total Demand 9": 18776.0, "Desired Acc. to Total Demand ratio 9": 0.2339124946776233, "Reward": 576599.7662775139, "Best Reward:": 604607.122481174, "ServedDemand": 73133.44904735016, "Best Served Demand": 77600.70354147922, "Reb. Cost": 42707.084225498926, "Best Reb. Cost": 48162.061395942386, "Spatial Reb. Cost": 1827.841046123536, "Avg. Time": 1.6325001021226246}