{"Reward": 74497.586954207, "ServedDemand": 9531.382628091416, "Reb. Cost": 3815.9516258844956, "Avg.Time": 3.9840595164197556, "_timestamp": 1711476943.0101132, "_runtime": 192.65331721305847, "_step": 0, "_wandb": {"runtime": 192}}