{"Episode": 296, "Desired Accumulation 0": 9387.451666290179, "_timestamp": 1698258172.4687476, "_runtime": 241702.8858036995, "_step": 13615, "Total Demand 0": 19612.0, "Desired Acc. to Total Demand ratio 0": 0.4786585593662135, "Desired Accumulation 1": 9303.43872322344, "Total Demand 1": 30084.0, "Desired Acc. to Total Demand ratio 1": 0.3092487276699721, "Desired Accumulation 2": 10567.047997430229, "Total Demand 2": 53432.0, "Desired Acc. to Total Demand ratio 2": 0.19776628232950721, "Desired Accumulation 3": 9760.34379713823, "Total Demand 3": 23332.0, "Desired Acc. to Total Demand ratio 3": 0.41832435269750684, "Desired Accumulation 4": 10092.355275803833, "Total Demand 4": 39332.0, "Desired Acc. to Total Demand ratio 4": 0.2565940017238847, "Desired Accumulation 5": 9633.372772632076, "Total Demand 5": 19124.0, "Desired Acc. to Total Demand ratio 5": 0.5037321048228444, "Desired Accumulation 6": 11235.644956488592, "Total Demand 6": 6592.0, "Desired Acc. to Total Demand ratio 6": 1.7044364315061578, "Desired Accumulation 7": 10470.189499437482, "Total Demand 7": 16284.0, "Desired Acc. to Total Demand ratio 7": 0.6429740542518718, "Desired Accumulation 8": 11423.340836283081, "Total Demand 8": 8104.0, "Desired Acc. to Total Demand ratio 8": 1.4095928968759972, "Desired Accumulation 9": 9899.937510101145, "Total Demand 9": 8732.0, "Desired Acc. to Total Demand ratio 9": 1.1337537230990775, "Desired Accumulation 10": 9732.97008192601, "Total Demand 10": 14740.0, "Desired Acc. to Total Demand ratio 10": 0.6603100462636371, "Desired Accumulation 11": 10688.243996823257, "Total Demand 11": 16272.0, "Desired Acc. to Total Demand ratio 11": 0.6568488198637695, "Desired Accumulation 12": 9389.0, "Total Demand 12": 21508.0, "Desired Acc. to Total Demand ratio 12": 0.43653524270039057, "Desired Accumulation 13": 10426.688159176296, "Total Demand 13": 22620.0, "Desired Acc. to Total Demand ratio 13": 0.46094996282830664, "Desired Accumulation 14": 11524.773975429165, "Total Demand 14": 15676.0, "Desired Acc. to Total Demand ratio 14": 0.7351858876900462, "Reward": 912498.8529831572, "Best Reward:": 1146051.410638681, "ServedDemand": 112083.34185550506, "Best Served Demand": 144968.04536070986, "Reb. Cost": 32379.55508537997, "Best Reb. Cost": 53118.89874289476, "Spatial Reb. Cost": 248.62408819601043, "Avg. Time": 3.481105148792267}