{"Episode": 1, "Desired Accumulation 0": 6588.733739573972, "_timestamp": 1695874751.3464885, "_runtime": 30.611457586288452, "_step": 15, "Total Demand 0": 11140.0, "Desired Acc. to Total Demand ratio 0": 0.5914482710569096, "Desired Accumulation 1": 6942.569167844817, "Total Demand 1": 6476.0, "Desired Acc. to Total Demand ratio 1": 1.0720458875609662, "Desired Accumulation 2": 7449.799346495089, "Total Demand 2": 10720.0, "Desired Acc. to Total Demand ratio 2": 0.6949439688894672, "Desired Accumulation 3": 7189.042959953506, "Total Demand 3": 10944.0, "Desired Acc. to Total Demand ratio 3": 0.6568935453173891, "Desired Accumulation 4": 7016.292652339261, "Total Demand 4": 13856.0, "Desired Acc. to Total Demand ratio 4": 0.5063721602438843, "Reward": 117241.84239812037, "Best Reward:": 117241.84239812037, "ServedDemand": 19464.733285215156, "Best Served Demand": 19464.733285215156, "Reb. Cost": 3788.247492870078, "Best Reb. Cost": 3788.247492870078, "Spatial Reb. Cost": 62.834693173618476, "Avg. Time": 0.6260313540697098, "_wandb": {"runtime": 40}}