{"Episode": 5, "Desired Accumulation 0": 863.0119187061088, "_timestamp": 1711484619.4295008, "_runtime": 1649.5892589092255, "_step": 300, "Total Demand 0": 67556.0, "Desired Acc. to Total Demand ratio 0": 0.012774763436350712, "Desired Accumulation 1": 1441.0, "Total Demand 1": 96560.0, "Desired Acc. to Total Demand ratio 1": 0.014923363711681856, "Desired Accumulation 2": 1683.8840560668596, "Total Demand 2": 111072.0, "Desired Acc. to Total Demand ratio 2": 0.015160292927712291, "Desired Accumulation 3": 886.0, "Total Demand 3": 69508.0, "Desired Acc. to Total Demand ratio 3": 0.012746734188870346, "Desired Accumulation 4": 981.0, "Total Demand 4": 68208.0, "Desired Acc. to Total Demand ratio 4": 0.014382477128782548, "Desired Accumulation 5": 1082.0, "Total Demand 5": 85488.0, "Desired Acc. to Total Demand ratio 5": 0.012656747145798241, "Desired Accumulation 6": 401.0, "Total Demand 6": 33600.0, "Desired Acc. to Total Demand ratio 6": 0.01193452380952381, "Desired Accumulation 7": 660.0, "Total Demand 7": 42632.0, "Desired Acc. to Total Demand ratio 7": 0.01548132857947082, "Desired Accumulation 8": 455.0, "Total Demand 8": 32308.0, "Desired Acc. to Total Demand ratio 8": 0.014083199207626594, "Desired Accumulation 9": 592.0, "Total Demand 9": 46588.0, "Desired Acc. to Total Demand ratio 9": 0.01270713488451962, "Desired Accumulation 10": 937.0, "Total Demand 10": 77896.0, "Desired Acc. to Total Demand ratio 10": 0.012028858991475815, "Desired Accumulation 11": 496.0, "Total Demand 11": 32540.0, "Desired Acc. to Total Demand ratio 11": 0.015242778119237861, "Desired Accumulation 12": 872.0, "Total Demand 12": 60656.0, "Desired Acc. to Total Demand ratio 12": 0.014376154049063571, "Desired Accumulation 13": 532.0, "Total Demand 13": 40820.0, "Desired Acc. to Total Demand ratio 13": 0.013032827045565899, "Desired Accumulation 14": 432.0, "Total Demand 14": 28344.0, "Desired Acc. to Total Demand ratio 14": 0.015241320914479255, "Desired Accumulation 15": 608.0, "Total Demand 15": 36724.0, "Desired Acc. to Total Demand ratio 15": 0.01655593072650038, "Desired Accumulation 16": 567.0, "Total Demand 16": 36112.0, "Desired Acc. to Total Demand ratio 16": 0.015701151971643776, "Desired Accumulation 17": 718.0, "Total Demand 17": 51280.0, "Desired Acc. to Total Demand ratio 17": 0.014001560062402496, "Desired Accumulation 18": 638.0, "Total Demand 18": 48008.0, "Desired Acc. to Total Demand ratio 18": 0.013289451758040327, "Desired Accumulation 19": 459.0, "Total Demand 19": 33400.0, "Desired Acc. to Total Demand ratio 19": 0.01374251497005988, "AVG Reward ": 1617493.0201977312, "Std Reward ": 1049.4111658428187, "AVG Satisfied Demand ": 215892.23312544567, "AVG Charging Cost ": 10285.171199999997, "AVG Spatial Rebalancing Cost": 12668.675643740673, "AVG Timestep Time": 6.826970179875692, "_wandb": {"runtime": 1649}}