{"Episode": 1, "Desired Accumulation 0": 12586.28474899453, "_timestamp": 1697775153.1548703, "_runtime": 288.9519033432007, "_step": 45, "Total Demand 0": 19612.0, "Desired Acc. to Total Demand ratio 0": 0.6417644681314771, "Desired Accumulation 1": 12499.156701726482, "Total Demand 1": 30084.0, "Desired Acc. to Total Demand ratio 1": 0.41547522609116083, "Desired Accumulation 2": 12010.78811464924, "Total Demand 2": 53432.0, "Desired Acc. to Total Demand ratio 2": 0.22478642226847656, "Desired Accumulation 3": 13640.69114128167, "Total Demand 3": 23332.0, "Desired Acc. to Total Demand ratio 3": 0.5846344565953056, "Desired Accumulation 4": 12180.820127251161, "Total Demand 4": 39332.0, "Desired Acc. to Total Demand ratio 4": 0.3096923656882732, "Desired Accumulation 5": 13025.132205397, "Total Demand 5": 19124.0, "Desired Acc. to Total Demand ratio 5": 0.681088276793401, "Desired Accumulation 6": 12775.665642235337, "Total Demand 6": 6592.0, "Desired Acc. to Total Demand ratio 6": 1.9380560743682247, "Desired Accumulation 7": 12952.70684653027, "Total Demand 7": 16284.0, "Desired Acc. to Total Demand ratio 7": 0.7954253774582577, "Desired Accumulation 8": 14200.564733072108, "Total Demand 8": 8104.0, "Desired Acc. to Total Demand ratio 8": 1.7522908110898454, "Desired Accumulation 9": 12956.91700842359, "Total Demand 9": 8732.0, "Desired Acc. to Total Demand ratio 9": 1.4838429922610616, "Desired Accumulation 10": 12647.510259643106, "Total Demand 10": 14740.0, "Desired Acc. to Total Demand ratio 10": 0.8580400447519068, "Desired Accumulation 11": 13041.709625102236, "Total Demand 11": 16272.0, "Desired Acc. to Total Demand ratio 11": 0.8014816632929103, "Desired Accumulation 12": 11994.258777080104, "Total Demand 12": 21508.0, "Desired Acc. to Total Demand ratio 12": 0.5576649980044682, "Desired Accumulation 13": 11888.948480724408, "Total Demand 13": 22620.0, "Desired Acc. to Total Demand ratio 13": 0.5255945393777369, "Desired Accumulation 14": 11719.463119560023, "Total Demand 14": 15676.0, "Desired Acc. to Total Demand ratio 14": 0.7476054554452681, "Reward": 723179.875990797, "Best Reward:": 723179.875990797, "ServedDemand": 87679.20025298705, "Best Served Demand": 87679.20025298705, "Reb. Cost": 22408.489328412317, "Best Reb. Cost": 22408.489328412317, "Spatial Reb. Cost": 599.0180043404633, "Avg. Time": 5.980002264181773, "_wandb": {"runtime": 388}}