{"Reward": 1510582.5912511765, "ServedDemand": 194478.1525810355, "Reb. Cost": 0, "Avg.Time": 29.251855805516243, "_timestamp": 1711471100.9232929, "_runtime": 1411.8961198329926, "_step": 0, "_wandb": {"runtime": 1411}}