{"Episode": 18, "Desired Accumulation 0": 1836.1231160715024, "_timestamp": 1695873185.4088697, "_runtime": 604.8294067382812, "_step": 287, "Total Demand 0": 1804.0, "Desired Acc. to Total Demand ratio 0": 1.0178066053611432, "Desired Accumulation 1": 1832.3399473735105, "Total Demand 1": 1932.0, "Desired Acc. to Total Demand ratio 1": 0.9484161218289392, "Desired Accumulation 2": 1760.678822546655, "Total Demand 2": 676.0, "Desired Acc. to Total Demand ratio 2": 2.6045544712228623, "Desired Accumulation 3": 1585.6414436787563, "Total Demand 3": 2748.0, "Desired Acc. to Total Demand ratio 3": 0.5770165370010031, "Desired Accumulation 4": 1556.3630880524959, "Total Demand 4": 5680.0, "Desired Acc. to Total Demand ratio 4": 0.2740075859247352, "Reward": 27205.427724287176, "Best Reward:": 29380.882213323068, "ServedDemand": 4719.299496763359, "Best Served Demand": 5097.765060654982, "Reb. Cost": 1352.8613868004245, "Best Reb. Cost": 1439.9278896412552, "Spatial Reb. Cost": 11.554341115997056, "Avg. Time": 0.5138522783915201, "_wandb": {"runtime": 632}}