{"Episode": 5, "Desired Accumulation 0": 36.004986376912925, "_timestamp": 1711461595.7623, "_runtime": 452.11447191238403, "_step": 150, "Total Demand 0": 5084.0, "Desired Acc. to Total Demand ratio 0": 0.007082019350297585, "Desired Accumulation 1": 52.0, "Total Demand 1": 6760.0, "Desired Acc. to Total Demand ratio 1": 0.007692307692307693, "Desired Accumulation 2": 35.0, "Total Demand 2": 4708.0, "Desired Acc. to Total Demand ratio 2": 0.007434154630416313, "Desired Accumulation 3": 17.0, "Total Demand 3": 2932.0, "Desired Acc. to Total Demand ratio 3": 0.005798090040927694, "Desired Accumulation 4": 25.0, "Total Demand 4": 3836.0, "Desired Acc. to Total Demand ratio 4": 0.006517205422314911, "Desired Accumulation 5": 38.0, "Total Demand 5": 5116.0, "Desired Acc. to Total Demand ratio 5": 0.007427677873338546, "Desired Accumulation 6": 59.0398910153034, "Total Demand 6": 8040.0, "Desired Acc. to Total Demand ratio 6": 0.007343270026779029, "Desired Accumulation 7": 125.0141080108222, "Total Demand 7": 9060.0, "Desired Acc. to Total Demand ratio 7": 0.01379846666786117, "Desired Accumulation 8": 65.0797820306068, "Total Demand 8": 9140.0, "Desired Acc. to Total Demand ratio 8": 0.0071203262615543534, "Desired Accumulation 9": 26.0, "Total Demand 9": 3624.0, "Desired Acc. to Total Demand ratio 9": 0.00717439293598234, "AVG Reward ": 66230.10040348893, "Std Reward ": 631.1332766109039, "AVG Satisfied Demand ": 7198.657723467481, "AVG Charging Cost ": 518.4045273194993, "AVG Spatial Rebalancing Cost": 635.7609484589506, "AVG Timestep Time": 1.8504111190636956, "_wandb": {"runtime": 451}}