{"Reward": 930801.0306446692, "ServedDemand": 116319.20535950185, "Reb. Cost": 42160.60645169101, "Avg.Time": 1490.5828967094421, "_timestamp": 1711461212.1753504, "_runtime": 1499.098982334137, "_step": 0, "_wandb": {"runtime": 1498}}