{"Episode": 5, "Desired Accumulation 0": 166.0099685392118, "_timestamp": 1711454429.0814583, "_runtime": 123.02210330963135, "_step": 75, "Total Demand 0": 3932.0, "Desired Acc. to Total Demand ratio 0": 0.04222023614934176, "Desired Accumulation 1": 242.2599133562794, "Total Demand 1": 5024.0, "Desired Acc. to Total Demand ratio 1": 0.04822052415531039, "Desired Accumulation 2": 168.0, "Total Demand 2": 3816.0, "Desired Acc. to Total Demand ratio 2": 0.0440251572327044, "Desired Accumulation 3": 103.0, "Total Demand 3": 2736.0, "Desired Acc. to Total Demand ratio 3": 0.03764619883040936, "Desired Accumulation 4": 135.0, "Total Demand 4": 3372.0, "Desired Acc. to Total Demand ratio 4": 0.0400355871886121, "AVG Reward ": 25810.10721366963, "Std Reward ": 281.3272798032678, "AVG Satisfied Demand ": 3168.180191753577, "AVG Charging Cost ": 161.9712, "AVG Spatial Rebalancing Cost": 197.30185366604022, "AVG Timestep Time": 0.4847739040851593, "_wandb": {"runtime": 122}}