{"Episode": 5, "Desired Accumulation 0": 1659.6515759382874, "_timestamp": 1711456213.8223271, "_runtime": 482.98168420791626, "_step": 150, "Total Demand 0": 50916.0, "Desired Acc. to Total Demand ratio 0": 0.03259587508716882, "Desired Accumulation 1": 1591.0, "Total Demand 1": 71464.0, "Desired Acc. to Total Demand ratio 1": 0.02226295757304377, "Desired Accumulation 2": 1591.0, "Total Demand 2": 84896.0, "Desired Acc. to Total Demand ratio 2": 0.018740576705616283, "Desired Accumulation 3": 1591.0, "Total Demand 3": 55516.0, "Desired Acc. to Total Demand ratio 3": 0.028658404784206355, "Desired Accumulation 4": 1591.0, "Total Demand 4": 54232.0, "Desired Acc. to Total Demand ratio 4": 0.029336922849977874, "Desired Accumulation 5": 1591.0, "Total Demand 5": 65728.0, "Desired Acc. to Total Demand ratio 5": 0.024205817916260954, "Desired Accumulation 6": 1591.0, "Total Demand 6": 25024.0, "Desired Acc. to Total Demand ratio 6": 0.06357896419437341, "Desired Accumulation 7": 1591.0, "Total Demand 7": 27768.0, "Desired Acc. to Total Demand ratio 7": 0.05729616825122443, "Desired Accumulation 8": 1591.0, "Total Demand 8": 21648.0, "Desired Acc. to Total Demand ratio 8": 0.07349408721359942, "Desired Accumulation 9": 1591.0, "Total Demand 9": 27812.0, "Desired Acc. to Total Demand ratio 9": 0.05720552279591543, "AVG Reward ": 697114.4624586503, "Std Reward ": 1262.5705069214227, "AVG Satisfied Demand ": 111963.01365505364, "AVG Charging Cost ": 4678.0561843331, "AVG Spatial Rebalancing Cost": 5958.102358810535, "AVG Timestep Time": 1.9773535698652267, "_wandb": {"runtime": 482}}