{"Episode": 5, "Desired Accumulation 0": 674.0018243648158, "_timestamp": 1711468118.731886, "_runtime": 1080.2234749794006, "_step": 225, "Total Demand 0": 59292.0, "Desired Acc. to Total Demand ratio 0": 0.011367500242272411, "Desired Accumulation 1": 1059.0, "Total Demand 1": 83868.0, "Desired Acc. to Total Demand ratio 1": 0.012626985262555445, "Desired Accumulation 2": 1271.4477911820684, "Total Demand 2": 95352.0, "Desired Acc. to Total Demand ratio 2": 0.01333425403958038, "Desired Accumulation 3": 702.0, "Total Demand 3": 63720.0, "Desired Acc. to Total Demand ratio 3": 0.011016949152542373, "Desired Accumulation 4": 737.0, "Total Demand 4": 60796.0, "Desired Acc. to Total Demand ratio 4": 0.012122508059740772, "Desired Accumulation 5": 875.0, "Total Demand 5": 79920.0, "Desired Acc. to Total Demand ratio 5": 0.010948448448448448, "Desired Accumulation 6": 303.0, "Total Demand 6": 30064.0, "Desired Acc. to Total Demand ratio 6": 0.010078499201703034, "Desired Accumulation 7": 479.0, "Total Demand 7": 34128.0, "Desired Acc. to Total Demand ratio 7": 0.01403539615564932, "Desired Accumulation 8": 339.0, "Total Demand 8": 28424.0, "Desired Acc. to Total Demand ratio 8": 0.011926540951308753, "Desired Accumulation 9": 457.0, "Total Demand 9": 42768.0, "Desired Acc. to Total Demand ratio 9": 0.010685559296670408, "Desired Accumulation 10": 713.0, "Total Demand 10": 71548.0, "Desired Acc. to Total Demand ratio 10": 0.00996533795493934, "Desired Accumulation 11": 292.0, "Total Demand 11": 23028.0, "Desired Acc. to Total Demand ratio 11": 0.012680215389960049, "Desired Accumulation 12": 557.0, "Total Demand 12": 47512.0, "Desired Acc. to Total Demand ratio 12": 0.011723354100016839, "Desired Accumulation 13": 277.0, "Total Demand 13": 28196.0, "Desired Acc. to Total Demand ratio 13": 0.009824088523194779, "Desired Accumulation 14": 203.0, "Total Demand 14": 16120.0, "Desired Acc. to Total Demand ratio 14": 0.012593052109181142, "AVG Reward ": 992269.0831460508, "Std Reward ": 2054.839229167441, "AVG Satisfied Demand ": 132943.36629261362, "AVG Charging Cost ": 20310.755754456848, "AVG Spatial Rebalancing Cost": 22333.983707989064, "AVG Timestep Time": 4.455442462364832, "_wandb": {"runtime": 1079}}