{"Reward": 297155.8281340838, "ServedDemand": 47879.97376118219, "Reb. Cost": 0, "Avg.Time": 1.9672653824090958, "_timestamp": 1711446693.893058, "_runtime": 99.33271598815918, "_step": 0, "_wandb": {"runtime": 98}}