{"Episode": 269, "Desired Accumulation 0": 5737.27728500285, "_timestamp": 1695226530.3236187, "_runtime": 85213.17203974724, "_step": 12373, "Total Demand 0": 9996.0, "Desired Acc. to Total Demand ratio 0": 0.5739573114248548, "Desired Accumulation 1": 5896.896508437492, "Total Demand 1": 5476.0, "Desired Acc. to Total Demand ratio 1": 1.076862035872442, "Desired Accumulation 2": 5495.181460433577, "Total Demand 2": 12972.0, "Desired Acc. to Total Demand ratio 2": 0.42361867564242806, "Desired Accumulation 3": 6378.808913606944, "Total Demand 3": 10480.0, "Desired Acc. to Total Demand ratio 3": 0.6086649726724183, "Desired Accumulation 4": 6015.84234429505, "Total Demand 4": 9096.0, "Desired Acc. to Total Demand ratio 4": 0.6613722893903968, "Desired Accumulation 5": 5981.212961227597, "Total Demand 5": 9356.0, "Desired Acc. to Total Demand ratio 5": 0.6392916803364255, "Desired Accumulation 6": 6084.841793866444, "Total Demand 6": 4856.0, "Desired Acc. to Total Demand ratio 6": 1.2530563825919365, "Desired Accumulation 7": 6072.887486790278, "Total Demand 7": 7964.0, "Desired Acc. to Total Demand ratio 7": 0.7625423765432292, "Desired Accumulation 8": 5587.5145948805475, "Total Demand 8": 5156.0, "Desired Acc. to Total Demand ratio 8": 1.083691736788314, "Desired Accumulation 9": 5800.578313789741, "Total Demand 9": 5624.0, "Desired Acc. to Total Demand ratio 9": 1.0313972819683037, "Desired Accumulation 10": 5786.762855143837, "Total Demand 10": 13400.0, "Desired Acc. to Total Demand ratio 10": 0.4318479742644655, "Desired Accumulation 11": 5856.376094612623, "Total Demand 11": 9040.0, "Desired Acc. to Total Demand ratio 11": 0.6478292140058212, "Desired Accumulation 12": 6408.819418820396, "Total Demand 12": 5700.0, "Desired Acc. to Total Demand ratio 12": 1.1243542840035783, "Desired Accumulation 13": 6295.51506173297, "Total Demand 13": 5200.0, "Desired Acc. to Total Demand ratio 13": 1.2106759734101866, "Desired Accumulation 14": 6137.794356862425, "Total Demand 14": 5432.0, "Desired Acc. to Total Demand ratio 14": 1.1299326871985318, "Reward": 282507.86910272966, "Best Reward:": 296587.59656998835, "ServedDemand": 34130.7932649186, "Best Served Demand": 35986.18193796026, "Reb. Cost": 10777.659273771385, "Best Reb. Cost": 11417.772118555637, "Spatial Reb. Cost": 69.8224313073585, "Avg. Time": 4.920272732774417, "_wandb": {"runtime": 85473}}