{"Reward": 108479.56059936176, "ServedDemand": 11154.02531055819, "Reb. Cost": 0, "Avg.Time": 16.24665864308675, "_timestamp": 1711459691.87569, "_runtime": 786.0359399318695, "_step": 0, "_wandb": {"runtime": 785}}