{"Episode": 568, "Desired Accumulation 0": 10035.126482009187, "_timestamp": 1698420276.2118835, "_runtime": 161464.65369343758, "_step": 17607, "Total Demand 0": 16640.0, "Desired Acc. to Total Demand ratio 0": 0.6030725049284368, "Desired Accumulation 1": 3373.0, "Total Demand 1": 25096.0, "Desired Acc. to Total Demand ratio 1": 0.1344038890659866, "Desired Accumulation 2": 6762.521661255592, "Total Demand 2": 26176.0, "Desired Acc. to Total Demand ratio 2": 0.25834816859931203, "Desired Accumulation 3": 5161.127492838493, "Total Demand 3": 13992.0, "Desired Acc. to Total Demand ratio 3": 0.368862742484169, "Desired Accumulation 4": 4273.985999781907, "Total Demand 4": 13976.0, "Desired Acc. to Total Demand ratio 4": 0.3058089581984764, "Desired Accumulation 5": 4660.963000000001, "Total Demand 5": 19760.0, "Desired Acc. to Total Demand ratio 5": 0.23587869433198383, "Desired Accumulation 6": 5917.1015001462165, "Total Demand 6": 8576.0, "Desired Acc. to Total Demand ratio 6": 0.6899605294013779, "Desired Accumulation 7": 4747.0, "Total Demand 7": 14864.0, "Desired Acc. to Total Demand ratio 7": 0.3193622174381055, "Desired Accumulation 8": 4558.420498709403, "Total Demand 8": 10660.0, "Desired Acc. to Total Demand ratio 8": 0.4276191837438464, "Desired Accumulation 9": 3647.0, "Total Demand 9": 18776.0, "Desired Acc. to Total Demand ratio 9": 0.19423732424371537, "Reward": 591964.6992292058, "Best Reward:": 599913.1581790649, "ServedDemand": 75822.97587484153, "Best Served Demand": 76944.71188176727, "Reb. Cost": 47464.38641010397, "Best Reb. Cost": 47010.97610214224, "Spatial Reb. Cost": 1601.0461464991454, "Avg. Time": 1.5927814543247223}