{"Reward": 3875641.130193816, "ServedDemand": 571873.1743008172, "Reb. Cost": 136875.65872370312, "Avg.Time": 58.602427112295274, "_timestamp": 1711469666.9232807, "_runtime": 2762.681388616562, "_step": 0, "_wandb": {"runtime": 2762}}