{"Episode": 1, "Desired Accumulation 0": 55.01300515284432, "_timestamp": 1711478104.4165921, "_runtime": 220.39611911773682, "_step": 44, "Total Demand 0": 6172.0, "Desired Acc. to Total Demand ratio 0": 0.008913319046151056, "Desired Accumulation 1": 153.59755123389587, "Total Demand 1": 10480.0, "Desired Acc. to Total Demand ratio 1": 0.014656254888730522, "Desired Accumulation 2": 62.0, "Total Demand 2": 6780.0, "Desired Acc. to Total Demand ratio 2": 0.009144542772861357, "Desired Accumulation 3": 26.0, "Total Demand 3": 3392.0, "Desired Acc. to Total Demand ratio 3": 0.0076650943396226415, "Desired Accumulation 4": 43.0, "Total Demand 4": 5156.0, "Desired Acc. to Total Demand ratio 4": 0.008339798293250583, "Desired Accumulation 5": 53.0, "Total Demand 5": 6088.0, "Desired Acc. to Total Demand ratio 5": 0.008705650459921156, "Desired Accumulation 6": 82.01300515284431, "Total Demand 6": 9476.0, "Desired Acc. to Total Demand ratio 6": 0.008654812700806702, "Desired Accumulation 7": 127.45447243092417, "Total Demand 7": 9776.0, "Desired Acc. to Total Demand ratio 7": 0.013037486950790116, "Desired Accumulation 8": 81.19507729266472, "Total Demand 8": 9904.0, "Desired Acc. to Total Demand ratio 8": 0.008198210550551768, "Desired Accumulation 9": 30.0, "Total Demand 9": 3840.0, "Desired Acc. to Total Demand ratio 9": 0.0078125, "Desired Accumulation 10": 49.0, "Total Demand 10": 5584.0, "Desired Acc. to Total Demand ratio 10": 0.008775071633237822, "Desired Accumulation 11": 29.0, "Total Demand 11": 3524.0, "Desired Acc. to Total Demand ratio 11": 0.008229284903518728, "Desired Accumulation 12": 30.0, "Total Demand 12": 3072.0, "Desired Acc. to Total Demand ratio 12": 0.009765625, "Desired Accumulation 13": 84.0, "Total Demand 13": 9364.0, "Desired Acc. to Total Demand ratio 13": 0.00897052541648868, "Desired Accumulation 14": 74.0, "Total Demand 14": 8284.0, "Desired Acc. to Total Demand ratio 14": 0.008932882665379043}