{"Episode": 5, "Desired Accumulation 0": 1607.0029315933152, "_timestamp": 1711453438.105863, "_runtime": 123.66724014282227, "_step": 75, "Total Demand 0": 30632.0, "Desired Acc. to Total Demand ratio 0": 0.05246157389636051, "Desired Accumulation 1": 2650.0, "Total Demand 1": 44440.0, "Desired Acc. to Total Demand ratio 1": 0.05963096309630963, "Desired Accumulation 2": 3754.447696204876, "Total Demand 2": 63888.0, "Desired Acc. to Total Demand ratio 2": 0.05876608590353237, "Desired Accumulation 3": 2183.0, "Total Demand 3": 39448.0, "Desired Acc. to Total Demand ratio 3": 0.05533867369701886, "Desired Accumulation 4": 2358.0, "Total Demand 4": 42860.0, "Desired Acc. to Total Demand ratio 4": 0.05501633224451703, "AVG Reward ": 312185.0608908159, "Std Reward ": 376.02950315371294, "AVG Satisfied Demand ": 51172.4434717321, "AVG Charging Cost ": 2178.1656234238853, "AVG Spatial Rebalancing Cost": 2799.7324035376946, "AVG Timestep Time": 0.48807693918546036, "_wandb": {"runtime": 123}}