{"Reward": 971672.4927034673, "ServedDemand": 166309.49278764412, "Reb. Cost": 40790.36885518462, "Avg.Time": 101.39058351516724, "_timestamp": 1711446370.2758956, "_runtime": 107.5528814792633, "_step": 0, "_wandb": {"runtime": 106}}