{"Episode": 121, "Desired Accumulation 0": 3785.1599699805492, "_timestamp": 1697854794.4491553, "_runtime": 79500.98981332779, "_step": 5565, "Total Demand 0": 6172.0, "Desired Acc. to Total Demand ratio 0": 0.6132793211245219, "Desired Accumulation 1": 3935.95030159896, "Total Demand 1": 10480.0, "Desired Acc. to Total Demand ratio 1": 0.37556777687012977, "Desired Accumulation 2": 3922.552736825084, "Total Demand 2": 6780.0, "Desired Acc. to Total Demand ratio 2": 0.5785476013016349, "Desired Accumulation 3": 3852.347169135056, "Total Demand 3": 3392.0, "Desired Acc. to Total Demand ratio 3": 1.135715556938401, "Desired Accumulation 4": 3536.5513517040636, "Total Demand 4": 5156.0, "Desired Acc. to Total Demand ratio 4": 0.6859098820217346, "Desired Accumulation 5": 4345.465812396151, "Total Demand 5": 6088.0, "Desired Acc. to Total Demand ratio 5": 0.7137755933633625, "Desired Accumulation 6": 4814.108089877875, "Total Demand 6": 9476.0, "Desired Acc. to Total Demand ratio 6": 0.5080316684126082, "Desired Accumulation 7": 5073.257034180171, "Total Demand 7": 9776.0, "Desired Acc. to Total Demand ratio 7": 0.5189501876207213, "Desired Accumulation 8": 5813.6040940963385, "Total Demand 8": 9904.0, "Desired Acc. to Total Demand ratio 8": 0.5869955668514074, "Desired Accumulation 9": 3777.2396246769854, "Total Demand 9": 3840.0, "Desired Acc. to Total Demand ratio 9": 0.9836561522596317, "Desired Accumulation 10": 3633.9260308513085, "Total Demand 10": 5584.0, "Desired Acc. to Total Demand ratio 10": 0.6507747189919965, "Desired Accumulation 11": 3641.8285143618195, "Total Demand 11": 3524.0, "Desired Acc. to Total Demand ratio 11": 1.0334360142910952, "Desired Accumulation 12": 3707.103683738691, "Total Demand 12": 3072.0, "Desired Acc. to Total Demand ratio 12": 1.2067394803836884, "Desired Accumulation 13": 4025.6228724006464, "Total Demand 13": 9364.0, "Desired Acc. to Total Demand ratio 13": 0.42990419397700197, "Desired Accumulation 14": 4055.5936025651267, "Total Demand 14": 8284.0, "Desired Acc. to Total Demand ratio 14": 0.4895694836510293, "Reward": 398913.2864423819, "Best Reward:": 404713.92988828965, "ServedDemand": 46964.85442246894, "Best Served Demand": 47687.090725053604, "Reb. Cost": 17877.033597048383, "Best Reb. Cost": 17916.608820855, "Spatial Reb. Cost": 355.336255873949, "Avg. Time": 5.668367634216945, "_wandb": {"runtime": 79574}}