{"Episode": 2, "Desired Accumulation 0": 5806.676559479816, "_timestamp": 1694505840.1036382, "_runtime": 605.2399382591248, "_step": 121, "Total Demand 0": 6678.0, "Desired Acc. to Total Demand ratio 0": 0.8695232943216257, "Desired Accumulation 1": 5987.388896208544, "Total Demand 1": 12340.0, "Desired Acc. to Total Demand ratio 1": 0.4852016933718431, "Desired Accumulation 2": 4873.0, "Total Demand 2": 8236.0, "Desired Acc. to Total Demand ratio 2": 0.5916707139388052, "Desired Accumulation 3": 5850.097819401937, "Total Demand 3": 3730.0, "Desired Acc. to Total Demand ratio 3": 1.5683908363007875, "Desired Accumulation 4": 5327.0, "Total Demand 4": 5846.0, "Desired Acc. to Total Demand ratio 4": 0.9112213479302087, "Desired Accumulation 5": 5646.7623121987735, "Total Demand 5": 6630.0, "Desired Acc. to Total Demand ratio 5": 0.8516986896227411, "Desired Accumulation 6": 5475.139803079396, "Total Demand 6": 10646.0, "Desired Acc. to Total Demand ratio 6": 0.5142907949539166, "Desired Accumulation 7": 5239.972667569038, "Total Demand 7": 10768.0, "Desired Acc. to Total Demand ratio 7": 0.48662450478910085, "Desired Accumulation 8": 5214.168177637464, "Total Demand 8": 11234.0, "Desired Acc. to Total Demand ratio 8": 0.4641417284704882, "Desired Accumulation 9": 6023.286836763863, "Total Demand 9": 4350.0, "Desired Acc. to Total Demand ratio 9": 1.3846636406353707, "Desired Accumulation 10": 4853.0, "Total Demand 10": 10022.0, "Desired Acc. to Total Demand ratio 10": 0.4842346836958691, "Desired Accumulation 11": 5374.343959536762, "Total Demand 11": 6752.0, "Desired Acc. to Total Demand ratio 11": 0.7959632641494019, "Desired Accumulation 12": 5584.0, "Total Demand 12": 6490.0, "Desired Acc. to Total Demand ratio 12": 0.8604006163328197, "Desired Accumulation 13": 5484.643321601498, "Total Demand 13": 12128.0, "Desired Acc. to Total Demand ratio 13": 0.45222982532993883, "Desired Accumulation 14": 5326.181279142105, "Total Demand 14": 9556.0, "Desired Acc. to Total Demand ratio 14": 0.5573651401362605, "Desired Accumulation 15": 5531.708305895278, "Total Demand 15": 3766.0, "Desired Acc. to Total Demand ratio 15": 1.4688550998128724, "Desired Accumulation 16": 5646.631334795927, "Total Demand 16": 10022.0, "Desired Acc. to Total Demand ratio 16": 0.5634236015561691, "Desired Accumulation 17": 5083.0, "Total Demand 17": 6752.0, "Desired Acc. to Total Demand ratio 17": 0.7528139810426541, "Desired Accumulation 18": 4672.0, "Total Demand 18": 6490.0, "Desired Acc. to Total Demand ratio 18": 0.7198767334360555, "Desired Accumulation 19": 6017.118245898044, "Total Demand 19": 12128.0, "Desired Acc. to Total Demand ratio 19": 0.49613442001138225, "Reward": 776797.3239801407, "Best Reward:": 783714.3225809095, "ServedDemand": 89772.00049146193, "Best Served Demand": 91215.91980471177, "Reb. Cost": 30511.113335084618, "Best Reb. Cost": 31812.086016123816, "Spatial Reb. Cost": 1676.1508610907833, "_wandb": {"runtime": 765}}