{"Reward": 292407.70428563486, "ServedDemand": 35785.01238577102, "Reb. Cost": 12572.150740612195, "Avg.Time": 379.47335863113403, "_timestamp": 1711452040.1275506, "_runtime": 385.36014556884766, "_step": 0, "_wandb": {"runtime": 384}}