{"Reward": 3544804.400415168, "ServedDemand": 541579.359844011, "Reb. Cost": 132424.8552707655, "Avg.Time": 940.9524419307709, "_timestamp": 1711454087.5116642, "_runtime": 947.8527181148529, "_step": 0, "_wandb": {"runtime": 947}}