{"Episode": 5, "Desired Accumulation 0": 102.28425651198063, "_timestamp": 1711453722.0089316, "_runtime": 124.02493071556091, "_step": 75, "Total Demand 0": 3932.0, "Desired Acc. to Total Demand ratio 0": 0.026013290058998127, "Desired Accumulation 1": 60.0, "Total Demand 1": 5024.0, "Desired Acc. to Total Demand ratio 1": 0.01194267515923567, "Desired Accumulation 2": 60.0, "Total Demand 2": 3816.0, "Desired Acc. to Total Demand ratio 2": 0.015723270440251572, "Desired Accumulation 3": 60.0, "Total Demand 3": 2736.0, "Desired Acc. to Total Demand ratio 3": 0.021929824561403508, "Desired Accumulation 4": 60.0, "Total Demand 4": 3372.0, "Desired Acc. to Total Demand ratio 4": 0.017793594306049824, "AVG Reward ": 22558.850755317915, "Std Reward ": 229.06923229939184, "AVG Satisfied Demand ": 2793.2795934740047, "AVG Charging Cost ": 466.32450127065283, "AVG Spatial Rebalancing Cost": 490.087804891487, "AVG Timestep Time": 0.4892900586128235, "_wandb": {"runtime": 123}}