{"Episode": 5, "Desired Accumulation 0": 1635.202667793827, "_timestamp": 1711456721.2901213, "_runtime": 488.3507513999939, "_step": 150, "Total Demand 0": 50916.0, "Desired Acc. to Total Demand ratio 0": 0.03211569384464268, "Desired Accumulation 1": 1583.0, "Total Demand 1": 71464.0, "Desired Acc. to Total Demand ratio 1": 0.022151013097503638, "Desired Accumulation 2": 1583.0, "Total Demand 2": 84896.0, "Desired Acc. to Total Demand ratio 2": 0.018646343761779118, "Desired Accumulation 3": 1583.0, "Total Demand 3": 55516.0, "Desired Acc. to Total Demand ratio 3": 0.028514302183154407, "Desired Accumulation 4": 1583.0, "Total Demand 4": 54232.0, "Desired Acc. to Total Demand ratio 4": 0.029189408467325564, "Desired Accumulation 5": 1583.0, "Total Demand 5": 65728.0, "Desired Acc. to Total Demand ratio 5": 0.02408410418695229, "Desired Accumulation 6": 1583.0, "Total Demand 6": 25024.0, "Desired Acc. to Total Demand ratio 6": 0.06325927109974425, "Desired Accumulation 7": 1583.0, "Total Demand 7": 27768.0, "Desired Acc. to Total Demand ratio 7": 0.05700806683952751, "Desired Accumulation 8": 1583.0, "Total Demand 8": 21648.0, "Desired Acc. to Total Demand ratio 8": 0.07312453806356245, "Desired Accumulation 9": 1583.0, "Total Demand 9": 27812.0, "Desired Acc. to Total Demand ratio 9": 0.05691787717532001, "AVG Reward ": 697346.7053036863, "Std Reward ": 1385.4971065141353, "AVG Satisfied Demand ": 111981.43904579295, "AVG Charging Cost ": 4608.395022648652, "AVG Spatial Rebalancing Cost": 5884.96104056871, "AVG Timestep Time": 2.0003414154052734, "_wandb": {"runtime": 487}}