{"Episode": 190, "Desired Accumulation 0": 9305.805704743518, "_timestamp": 1697923309.4551141, "_runtime": 182846.20903515816, "_step": 8739, "Total Demand 0": 19612.0, "Desired Acc. to Total Demand ratio 0": 0.47449549789636536, "Desired Accumulation 1": 10291.43019444075, "Total Demand 1": 30084.0, "Desired Acc. to Total Demand ratio 1": 0.34208982164741225, "Desired Accumulation 2": 6339.920929005682, "Total Demand 2": 53432.0, "Desired Acc. to Total Demand ratio 2": 0.11865400750497235, "Desired Accumulation 3": 9316.568776274727, "Total Demand 3": 23332.0, "Desired Acc. to Total Demand ratio 3": 0.39930433637385254, "Desired Accumulation 4": 8192.25497843624, "Total Demand 4": 39332.0, "Desired Acc. to Total Demand ratio 4": 0.20828472944259738, "Desired Accumulation 5": 9441.65965136186, "Total Demand 5": 19124.0, "Desired Acc. to Total Demand ratio 5": 0.49370736516219726, "Desired Accumulation 6": 20335.861496410602, "Total Demand 6": 6592.0, "Desired Acc. to Total Demand ratio 6": 3.084930445450637, "Desired Accumulation 7": 8056.0, "Total Demand 7": 16284.0, "Desired Acc. to Total Demand ratio 7": 0.4947187423237534, "Desired Accumulation 8": 9612.262760819827, "Total Demand 8": 8104.0, "Desired Acc. to Total Demand ratio 8": 1.1861133712758918, "Desired Accumulation 9": 8461.713478000456, "Total Demand 9": 8732.0, "Desired Acc. to Total Demand ratio 9": 0.9690464358681237, "Desired Accumulation 10": 9429.434922399036, "Total Demand 10": 14740.0, "Desired Acc. to Total Demand ratio 10": 0.6397174302848735, "Desired Accumulation 11": 11749.044456886082, "Total Demand 11": 16272.0, "Desired Acc. to Total Demand ratio 11": 0.7220405885500296, "Desired Accumulation 12": 10117.185984668566, "Total Demand 12": 21508.0, "Desired Acc. to Total Demand ratio 12": 0.47039176049230824, "Desired Accumulation 13": 8282.290309088217, "Total Demand 13": 22620.0, "Desired Acc. to Total Demand ratio 13": 0.3661489968650848, "Desired Accumulation 14": 6916.536875062469, "Total Demand 14": 15676.0, "Desired Acc. to Total Demand ratio 14": 0.44121822372177016, "Reward": 891874.0097965115, "Best Reward:": 1125570.7846773113, "ServedDemand": 110158.28770361359, "Best Served Demand": 141899.28248072532, "Reb. Cost": 33125.855646944976, "Best Reb. Cost": 51402.79143341857, "Spatial Reb. Cost": 882.4067404938953, "Avg. Time": 5.84570066134135}