{"Episode": 361, "Desired Accumulation 0": 5418.915677270397, "_timestamp": 1694571665.0419545, "_runtime": 88554.3511235714, "_step": 22020, "Total Demand 0": 6678.0, "Desired Acc. to Total Demand ratio 0": 0.8114578732061092, "Desired Accumulation 1": 5693.0, "Total Demand 1": 12340.0, "Desired Acc. to Total Demand ratio 1": 0.46134521880064827, "Desired Accumulation 2": 5148.0, "Total Demand 2": 8236.0, "Desired Acc. to Total Demand ratio 2": 0.6250607090820787, "Desired Accumulation 3": 5191.000008164516, "Total Demand 3": 3730.0, "Desired Acc. to Total Demand ratio 3": 1.3916890102317736, "Desired Accumulation 4": 5473.321184748551, "Total Demand 4": 5846.0, "Desired Acc. to Total Demand ratio 4": 0.9362506303025232, "Desired Accumulation 5": 5303.6570383671715, "Total Demand 5": 6630.0, "Desired Acc. to Total Demand ratio 5": 0.7999482712469339, "Desired Accumulation 6": 5867.941803181361, "Total Demand 6": 10646.0, "Desired Acc. to Total Demand ratio 6": 0.5511874697709338, "Desired Accumulation 7": 6097.086577441884, "Total Demand 7": 10768.0, "Desired Acc. to Total Demand ratio 7": 0.5662227505053756, "Desired Accumulation 8": 5615.793000761265, "Total Demand 8": 11234.0, "Desired Acc. to Total Demand ratio 8": 0.49989255837290947, "Desired Accumulation 9": 5113.0, "Total Demand 9": 4350.0, "Desired Acc. to Total Demand ratio 9": 1.1754022988505748, "Desired Accumulation 10": 5109.0, "Total Demand 10": 10022.0, "Desired Acc. to Total Demand ratio 10": 0.5097784873278787, "Desired Accumulation 11": 5273.876933130958, "Total Demand 11": 6752.0, "Desired Acc. to Total Demand ratio 11": 0.7810836690063622, "Desired Accumulation 12": 5222.072334663069, "Total Demand 12": 6490.0, "Desired Acc. to Total Demand ratio 12": 0.8046336417046331, "Desired Accumulation 13": 5893.647835564873, "Total Demand 13": 12128.0, "Desired Acc. to Total Demand ratio 13": 0.48595381229921447, "Desired Accumulation 14": 5901.371969199892, "Total Demand 14": 9556.0, "Desired Acc. to Total Demand ratio 14": 0.6175567150690553, "Desired Accumulation 15": 5272.0113783563565, "Total Demand 15": 3766.0, "Desired Acc. to Total Demand ratio 15": 1.3998968078482095, "Desired Accumulation 16": 5857.062782013925, "Total Demand 16": 10022.0, "Desired Acc. to Total Demand ratio 16": 0.5844205529848259, "Desired Accumulation 17": 5340.324390787931, "Total Demand 17": 6752.0, "Desired Acc. to Total Demand ratio 17": 0.7909248209105348, "Desired Accumulation 18": 5476.0, "Total Demand 18": 6490.0, "Desired Acc. to Total Demand ratio 18": 0.8437596302003082, "Desired Accumulation 19": 5743.9366906836185, "Total Demand 19": 12128.0, "Desired Acc. to Total Demand ratio 19": 0.4736095556302456, "Reward": 770073.6368598866, "Best Reward:": 813331.6755711449, "ServedDemand": 88624.00980047605, "Best Served Demand": 95984.01129282625, "Reb. Cost": 30128.78268914063, "Best Reb. Cost": 33766.94369923238, "Spatial Reb. Cost": 1292.0966264586707, "_wandb": {"runtime": 88654}}