{"Episode": 5, "Desired Accumulation 0": 936.0041815634419, "_timestamp": 1711471472.5540426, "_runtime": 1104.6508295536041, "_step": 225, "Total Demand 0": 59292.0, "Desired Acc. to Total Demand ratio 0": 0.015786348606278113, "Desired Accumulation 1": 1497.0, "Total Demand 1": 83868.0, "Desired Acc. to Total Demand ratio 1": 0.01784947775075118, "Desired Accumulation 2": 1729.9610119777292, "Total Demand 2": 95352.0, "Desired Acc. to Total Demand ratio 2": 0.018142891727260354, "Desired Accumulation 3": 995.0, "Total Demand 3": 63720.0, "Desired Acc. to Total Demand ratio 3": 0.01561519146264909, "Desired Accumulation 4": 1041.0, "Total Demand 4": 60796.0, "Desired Acc. to Total Demand ratio 4": 0.01712283702875189, "Desired Accumulation 5": 1231.0, "Total Demand 5": 79920.0, "Desired Acc. to Total Demand ratio 5": 0.015402902902902903, "Desired Accumulation 6": 425.0, "Total Demand 6": 30064.0, "Desired Acc. to Total Demand ratio 6": 0.014136508781266632, "Desired Accumulation 7": 665.0, "Total Demand 7": 34128.0, "Desired Acc. to Total Demand ratio 7": 0.019485466479137365, "Desired Accumulation 8": 473.0, "Total Demand 8": 28424.0, "Desired Acc. to Total Demand ratio 8": 0.016640866873065017, "Desired Accumulation 9": 657.0, "Total Demand 9": 42768.0, "Desired Acc. to Total Demand ratio 9": 0.015361952861952861, "Desired Accumulation 10": 1019.0, "Total Demand 10": 71548.0, "Desired Acc. to Total Demand ratio 10": 0.014242187063230279, "Desired Accumulation 11": 422.0, "Total Demand 11": 23028.0, "Desired Acc. to Total Demand ratio 11": 0.018325516762202537, "Desired Accumulation 12": 796.0, "Total Demand 12": 47512.0, "Desired Acc. to Total Demand ratio 12": 0.01675366223269911, "Desired Accumulation 13": 406.0, "Total Demand 13": 28196.0, "Desired Acc. to Total Demand ratio 13": 0.014399205561072492, "Desired Accumulation 14": 282.0, "Total Demand 14": 16120.0, "Desired Acc. to Total Demand ratio 14": 0.01749379652605459, "AVG Reward ": 1134677.1905358457, "Std Reward ": 1468.808038721242, "AVG Satisfied Demand ": 154009.28445475624, "AVG Charging Cost ": 7057.438827871958, "AVG Spatial Rebalancing Cost": 9245.146565599242, "AVG Timestep Time": 4.55688744088014, "_wandb": {"runtime": 1104}}