{"Episode": 1, "Desired Accumulation 0": 6305.67996713934, "_timestamp": 1698084272.9628217, "_runtime": 79.383065700531, "_step": 30, "Total Demand 0": 16640.0, "Desired Acc. to Total Demand ratio 0": 0.3789471134098161, "Desired Accumulation 1": 4532.864545315255, "Total Demand 1": 25096.0, "Desired Acc. to Total Demand ratio 1": 0.18062099718342584, "Desired Accumulation 2": 7489.001025420338, "Total Demand 2": 26176.0, "Desired Acc. to Total Demand ratio 2": 0.2861018117902024, "Desired Accumulation 3": 4432.0, "Total Demand 3": 13992.0, "Desired Acc. to Total Demand ratio 3": 0.31675242995997716, "Desired Accumulation 4": 4289.0, "Total Demand 4": 13976.0, "Desired Acc. to Total Demand ratio 4": 0.3068832283915283, "Desired Accumulation 5": 4292.0, "Total Demand 5": 19760.0, "Desired Acc. to Total Demand ratio 5": 0.21720647773279353, "Desired Accumulation 6": 4840.249551971252, "Total Demand 6": 8576.0, "Desired Acc. to Total Demand ratio 6": 0.5643947705190359, "Desired Accumulation 7": 4352.9800000000005, "Total Demand 7": 14864.0, "Desired Acc. to Total Demand ratio 7": 0.2928538751345533, "Desired Accumulation 8": 4330.978999999999, "Total Demand 8": 10660.0, "Desired Acc. to Total Demand ratio 8": 0.4062832082551594, "Desired Accumulation 9": 4199.0, "Total Demand 9": 18776.0, "Desired Acc. to Total Demand ratio 9": 0.2236365573072007, "Reward": 520944.85551726003, "Best Reward:": 520944.85551726003, "ServedDemand": 63580.27759092878, "Best Served Demand": 63580.27759092878, "Reb. Cost": 24459.785032441734, "Best Reb. Cost": 24459.785032441734, "Spatial Reb. Cost": 683.4928716352898, "Avg. Time": 1.6236149817705154, "_wandb": {"runtime": 113}}