{"Episode": 5, "Desired Accumulation 0": 841.0037096779225, "_timestamp": 1711453155.6247082, "_runtime": 126.7248842716217, "_step": 75, "Total Demand 0": 30632.0, "Desired Acc. to Total Demand ratio 0": 0.02745507017752424, "Desired Accumulation 1": 1465.0, "Total Demand 1": 44440.0, "Desired Acc. to Total Demand ratio 1": 0.032965796579657966, "Desired Accumulation 2": 2045.1768752356104, "Total Demand 2": 63888.0, "Desired Acc. to Total Demand ratio 2": 0.032011909517211536, "Desired Accumulation 3": 1154.0, "Total Demand 3": 39448.0, "Desired Acc. to Total Demand ratio 3": 0.029253701074832692, "Desired Accumulation 4": 1293.0, "Total Demand 4": 42860.0, "Desired Acc. to Total Demand ratio 4": 0.030167988800746618, "AVG Reward ": 274247.8379024711, "Std Reward ": 309.14761201333897, "AVG Satisfied Demand ": 45529.892142445744, "AVG Charging Cost ": 6234.991171148419, "AVG Spatial Rebalancing Cost": 6665.976396145268, "AVG Timestep Time": 0.5005735685427983, "_wandb": {"runtime": 126}}