{"Episode": 174, "Desired Accumulation 0": 3092.94, "_timestamp": 1698015933.999931, "_runtime": 83677.3632800579, "_step": 8003, "Total Demand 0": 6172.0, "Desired Acc. to Total Demand ratio 0": 0.5011244329228776, "Desired Accumulation 1": 1862.0, "Total Demand 1": 10480.0, "Desired Acc. to Total Demand ratio 1": 0.17767175572519084, "Desired Accumulation 2": 2002.0, "Total Demand 2": 6780.0, "Desired Acc. to Total Demand ratio 2": 0.2952802359882006, "Desired Accumulation 3": 14724.941, "Total Demand 3": 3392.0, "Desired Acc. to Total Demand ratio 3": 4.341079304245283, "Desired Accumulation 4": 3606.0, "Total Demand 4": 5156.0, "Desired Acc. to Total Demand ratio 4": 0.6993793638479442, "Desired Accumulation 5": 2418.0, "Total Demand 5": 6088.0, "Desired Acc. to Total Demand ratio 5": 0.3971747700394218, "Desired Accumulation 6": 1387.0, "Total Demand 6": 9476.0, "Desired Acc. to Total Demand ratio 6": 0.14636977627691009, "Desired Accumulation 7": 1474.0, "Total Demand 7": 9776.0, "Desired Acc. to Total Demand ratio 7": 0.15077741407528641, "Desired Accumulation 8": 3036.9020000000005, "Total Demand 8": 9904.0, "Desired Acc. to Total Demand ratio 8": 0.3066338852988692, "Desired Accumulation 9": 1187.9479999999996, "Total Demand 9": 3840.0, "Desired Acc. to Total Demand ratio 9": 0.30936145833333323, "Desired Accumulation 10": 2826.0, "Total Demand 10": 5584.0, "Desired Acc. to Total Demand ratio 10": 0.5060888252148997, "Desired Accumulation 11": 21991.549, "Total Demand 11": 3524.0, "Desired Acc. to Total Demand ratio 11": 6.240507661748014, "Desired Accumulation 12": 36989.185, "Total Demand 12": 3072.0, "Desired Acc. to Total Demand ratio 12": 12.040750325520833, "Desired Accumulation 13": 2969.9610000000002, "Total Demand 13": 9364.0, "Desired Acc. to Total Demand ratio 13": 0.3171679837676207, "Desired Accumulation 14": 2207.0, "Total Demand 14": 8284.0, "Desired Acc. to Total Demand ratio 14": 0.26641718976339934, "Reward": 139737.06019410008, "Best Reward:": 453046.6283927243, "ServedDemand": 15139.374999999996, "Best Served Demand": 55047.6466482888, "Reb. Cost": 234.4090584000003, "Best Reb. Cost": 21970.633602771377, "Spatial Reb. Cost": 0, "Avg. Time": 3.388971820473671, "_wandb": {"runtime": 83678}}