{"Episode": 1, "Desired Accumulation 0": 2646.4907888039206, "_timestamp": 1694496459.978928, "_runtime": 54.44468116760254, "_step": 30, "Total Demand 0": 5090.0, "Desired Acc. to Total Demand ratio 0": 0.5199392512384913, "Desired Accumulation 1": 3197.0008526912693, "Total Demand 1": 6778.0, "Desired Acc. to Total Demand ratio 1": 0.4716731857024593, "Desired Accumulation 2": 2471.0, "Total Demand 2": 4702.0, "Desired Acc. to Total Demand ratio 2": 0.525521054870268, "Desired Accumulation 3": 2314.4243408879147, "Total Demand 3": 2970.0, "Desired Acc. to Total Demand ratio 3": 0.7792674548444157, "Desired Accumulation 4": 2417.013929977873, "Total Demand 4": 3842.0, "Desired Acc. to Total Demand ratio 4": 0.6291030530915859, "Desired Accumulation 5": 2721.000863015549, "Total Demand 5": 5116.0, "Desired Acc. to Total Demand ratio 5": 0.5318609974619916, "Desired Accumulation 6": 3931.89243260151, "Total Demand 6": 8046.0, "Desired Acc. to Total Demand ratio 6": 0.4886766632614355, "Desired Accumulation 7": 4605.660855653919, "Total Demand 7": 9066.0, "Desired Acc. to Total Demand ratio 7": 0.5080146542746435, "Desired Accumulation 8": 5333.68563154179, "Total Demand 8": 9146.0, "Desired Acc. to Total Demand ratio 8": 0.5831714007808648, "Desired Accumulation 9": 2392.0, "Total Demand 9": 3658.0, "Desired Acc. to Total Demand ratio 9": 0.6539092400218699, "Reward": 287856.6701954729, "Best Reward:": 287856.6701954729, "ServedDemand": 36358.36384577775, "Best Served Demand": 36358.36384577775, "Reb. Cost": 20877.59231072969, "Best Reb. Cost": 20877.59231072969, "Spatial Reb. Cost": 410.41891520701284, "_wandb": {"runtime": 61}}