{"Episode": 4, "Desired Accumulation 0": 1469.5919052893619, "_timestamp": 1694506451.4741502, "_runtime": 66.64687323570251, "_step": 63, "Total Demand 0": 3934.0, "Desired Acc. to Total Demand ratio 0": 0.37356174511676715, "Desired Accumulation 1": 1630.838846434827, "Total Demand 1": 5040.0, "Desired Acc. to Total Demand ratio 1": 0.3235791361973863, "Desired Accumulation 2": 1631.6248836703123, "Total Demand 2": 3804.0, "Desired Acc. to Total Demand ratio 2": 0.42892347099640177, "Desired Accumulation 3": 1417.470476811921, "Total Demand 3": 2748.0, "Desired Acc. to Total Demand ratio 3": 0.5158189508049202, "Desired Accumulation 4": 1707.473054947512, "Total Demand 4": 3372.0, "Desired Acc. to Total Demand ratio 4": 0.5063680471374591, "Reward": 65431.732708791664, "Best Reward:": 69136.31120266643, "ServedDemand": 8103.0008328460635, "Best Served Demand": 8665.173366976944, "Reb. Cost": 1997.8837030519192, "Best Reb. Cost": 2294.9146731455053, "Spatial Reb. Cost": 69.81600337389318, "_wandb": {"runtime": 72}}