{"Episode": 149, "Desired Accumulation 0": 11111.67309645371, "_timestamp": 1697739886.6553445, "_runtime": 45849.7945625782, "_step": 6853, "Total Demand 0": 19612.0, "Desired Acc. to Total Demand ratio 0": 0.5665752139737767, "Desired Accumulation 1": 11186.274633303135, "Total Demand 1": 30084.0, "Desired Acc. to Total Demand ratio 1": 0.37183468399491876, "Desired Accumulation 2": 11761.082795685354, "Total Demand 2": 53432.0, "Desired Acc. to Total Demand ratio 2": 0.2201130931966865, "Desired Accumulation 3": 10863.612809246533, "Total Demand 3": 23332.0, "Desired Acc. to Total Demand ratio 3": 0.4656100123969884, "Desired Accumulation 4": 12106.008720685797, "Total Demand 4": 39332.0, "Desired Acc. to Total Demand ratio 4": 0.30779031629934395, "Desired Accumulation 5": 11772.574771372312, "Total Demand 5": 19124.0, "Desired Acc. to Total Demand ratio 5": 0.6155916529686422, "Desired Accumulation 6": 11092.9831871296, "Total Demand 6": 6592.0, "Desired Acc. to Total Demand ratio 6": 1.6827947796009708, "Desired Accumulation 7": 11278.574637966758, "Total Demand 7": 16284.0, "Desired Acc. to Total Demand ratio 7": 0.6926169637660745, "Desired Accumulation 8": 10818.090253353781, "Total Demand 8": 8104.0, "Desired Acc. to Total Demand ratio 8": 1.3349074843723816, "Desired Accumulation 9": 10206.665148320448, "Total Demand 9": 8732.0, "Desired Acc. to Total Demand ratio 9": 1.1688805712689474, "Desired Accumulation 10": 11487.109224331136, "Total Demand 10": 14740.0, "Desired Acc. to Total Demand ratio 10": 0.7793154154905791, "Desired Accumulation 11": 11197.0, "Total Demand 11": 16272.0, "Desired Acc. to Total Demand ratio 11": 0.6881145526057031, "Desired Accumulation 12": 11342.718268955476, "Total Demand 12": 21508.0, "Desired Acc. to Total Demand ratio 12": 0.5273720601150956, "Desired Accumulation 13": 12014.603755484388, "Total Demand 13": 22620.0, "Desired Acc. to Total Demand ratio 13": 0.5311495913123071, "Desired Accumulation 14": 12096.519006778695, "Total Demand 14": 15676.0, "Desired Acc. to Total Demand ratio 14": 0.7716585230147165, "Reward": 689582.5057903385, "Best Reward:": 719487.9909637388, "ServedDemand": 83282.94289765053, "Best Served Demand": 86870.08810981901, "Reb. Cost": 22226.062932747813, "Best Reb. Cost": 23275.045041854046, "Spatial Reb. Cost": 402.0584436803088, "Avg. Time": 3.583727464079857, "_wandb": {"runtime": 45952}}