{"Episode": 2, "Desired Accumulation 0": 49.01288238042459, "_timestamp": 1711493605.288996, "_runtime": 761.9781250953674, "_step": 119, "Total Demand 0": 6628.0, "Desired Acc. to Total Demand ratio 0": 0.007394822326557723, "Desired Accumulation 1": 167.09671361646093, "Total Demand 1": 12312.0, "Desired Acc. to Total Demand ratio 1": 0.013571857831096566, "Desired Accumulation 2": 68.0, "Total Demand 2": 8212.0, "Desired Acc. to Total Demand ratio 2": 0.008280565026790063, "Desired Accumulation 3": 26.0, "Total Demand 3": 3672.0, "Desired Acc. to Total Demand ratio 3": 0.007080610021786492, "Desired Accumulation 4": 43.0, "Total Demand 4": 5808.0, "Desired Acc. to Total Demand ratio 4": 0.007403581267217631, "Desired Accumulation 5": 48.0, "Total Demand 5": 6600.0, "Desired Acc. to Total Demand ratio 5": 0.007272727272727273, "Desired Accumulation 6": 78.0, "Total Demand 6": 10660.0, "Desired Acc. to Total Demand ratio 6": 0.007317073170731708, "Desired Accumulation 7": 86.0, "Total Demand 7": 10768.0, "Desired Acc. to Total Demand ratio 7": 0.007986627043090638, "Desired Accumulation 8": 71.1803533259444, "Total Demand 8": 11220.0, "Desired Acc. to Total Demand ratio 8": 0.006344060011224991, "Desired Accumulation 9": 27.0, "Total Demand 9": 4316.0, "Desired Acc. to Total Demand ratio 9": 0.006255792400370714, "Desired Accumulation 10": 78.0, "Total Demand 10": 10000.0, "Desired Acc. to Total Demand ratio 10": 0.0078, "Desired Accumulation 11": 49.0, "Total Demand 11": 6704.0, "Desired Acc. to Total Demand ratio 11": 0.007309069212410501, "Desired Accumulation 12": 53.0, "Total Demand 12": 6424.0, "Desired Acc. to Total Demand ratio 12": 0.008250311332503113, "Desired Accumulation 13": 118.61792448880699, "Total Demand 13": 12140.0, "Desired Acc. to Total Demand ratio 13": 0.009770833977661202, "Desired Accumulation 14": 75.0, "Total Demand 14": 9532.0, "Desired Acc. to Total Demand ratio 14": 0.007868233319345363, "Desired Accumulation 15": 23.0, "Total Demand 15": 3736.0, "Desired Acc. to Total Demand ratio 15": 0.006156316916488222, "Desired Accumulation 16": 78.0, "Total Demand 16": 10000.0, "Desired Acc. to Total Demand ratio 16": 0.0078, "Desired Accumulation 17": 47.0, "Total Demand 17": 6704.0, "Desired Acc. to Total Demand ratio 17": 0.007010739856801909, "Desired Accumulation 18": 48.0, "Total Demand 18": 6424.0, "Desired Acc. to Total Demand ratio 18": 0.007471980074719801, "Desired Accumulation 19": 129.67670848325477, "Total Demand 19": 12140.0, "Desired Acc. to Total Demand ratio 19": 0.01068177170372774}