{"Episode": 1, "Desired Accumulation 0": 5064.864000575318, "_timestamp": 1694505023.3530245, "_runtime": 115.29794955253601, "_step": 45, "Total Demand 0": 6198.0, "Desired Acc. to Total Demand ratio 0": 0.8171771540134427, "Desired Accumulation 1": 4031.0, "Total Demand 1": 10496.0, "Desired Acc. to Total Demand ratio 1": 0.3840510670731707, "Desired Accumulation 2": 3893.0, "Total Demand 2": 6786.0, "Desired Acc. to Total Demand ratio 2": 0.5736811081638667, "Desired Accumulation 3": 4865.686155272964, "Total Demand 3": 3438.0, "Desired Acc. to Total Demand ratio 3": 1.4152664791369878, "Desired Accumulation 4": 3933.094797523242, "Total Demand 4": 5176.0, "Desired Acc. to Total Demand ratio 4": 0.7598714832927438, "Desired Accumulation 5": 4132.869319672533, "Total Demand 5": 6104.0, "Desired Acc. to Total Demand ratio 5": 0.6770755766173874, "Desired Accumulation 6": 4927.675165563349, "Total Demand 6": 9472.0, "Desired Acc. to Total Demand ratio 6": 0.5202359760941035, "Desired Accumulation 7": 4734.610937054973, "Total Demand 7": 9776.0, "Desired Acc. to Total Demand ratio 7": 0.4843096294041503, "Desired Accumulation 8": 4157.890767090991, "Total Demand 8": 9914.0, "Desired Acc. to Total Demand ratio 8": 0.41939588128817745, "Desired Accumulation 9": 4348.988731428216, "Total Demand 9": 3882.0, "Desired Acc. to Total Demand ratio 9": 1.120295912268989, "Desired Accumulation 10": 4118.628924405798, "Total Demand 10": 5606.0, "Desired Acc. to Total Demand ratio 10": 0.734682291189047, "Desired Accumulation 11": 4150.700272413502, "Total Demand 11": 3572.0, "Desired Acc. to Total Demand ratio 11": 1.1620101546510364, "Desired Accumulation 12": 4006.0, "Total Demand 12": 3130.0, "Desired Acc. to Total Demand ratio 12": 1.2798722044728434, "Desired Accumulation 13": 3662.0, "Total Demand 13": 9356.0, "Desired Acc. to Total Demand ratio 13": 0.3914065840102608, "Desired Accumulation 14": 4022.0, "Total Demand 14": 8300.0, "Desired Acc. to Total Demand ratio 14": 0.48457831325301204, "Reward": 481903.54962125956, "Best Reward:": 481903.54962125956, "ServedDemand": 59061.99092900738, "Best Served Demand": 59061.99092900738, "Reb. Cost": 21373.115786616698, "Best Reb. Cost": 21373.115786616698, "Spatial Reb. Cost": 557.3254491839876, "_wandb": {"runtime": 281}}