{"Episode": 785, "Desired Accumulation 0": 1865.3320035793672, "_timestamp": 1695869707.4616008, "_runtime": 32269.56747484207, "_step": 12559, "Total Demand 0": 3932.0, "Desired Acc. to Total Demand ratio 0": 0.47439776286352164, "Desired Accumulation 1": 2404.8370303445427, "Total Demand 1": 5024.0, "Desired Acc. to Total Demand ratio 1": 0.47866979107176405, "Desired Accumulation 2": 1777.1006568350708, "Total Demand 2": 3816.0, "Desired Acc. to Total Demand ratio 2": 0.4656972371161087, "Desired Accumulation 3": 1898.7954466479182, "Total Demand 3": 2736.0, "Desired Acc. to Total Demand ratio 3": 0.6940041837163444, "Desired Accumulation 4": 1834.3635303667738, "Total Demand 4": 3372.0, "Desired Acc. to Total Demand ratio 4": 0.5439986744859946, "Reward": 65879.5497958713, "Best Reward:": 81610.12603995105, "ServedDemand": 8184.051898799853, "Best Served Demand": 10388.80544342326, "Reb. Cost": 2733.080291756862, "Best Reb. Cost": 3761.2116650495987, "Spatial Reb. Cost": 113.24407474708367, "Avg. Time": 0.5202748576800028, "_wandb": {"runtime": 32296}}