{"Episode": 2, "Desired Accumulation 0": 1134.42673826469, "_timestamp": 1695876918.6555154, "_runtime": 88.50520634651184, "_step": 31, "Total Demand 0": 2476.0, "Desired Acc. to Total Demand ratio 0": 0.4581691188468053, "Desired Accumulation 1": 1161.4170506504893, "Total Demand 1": 1628.0, "Desired Acc. to Total Demand ratio 1": 0.7134011367631998, "Desired Accumulation 2": 1317.3577063538091, "Total Demand 2": 448.0, "Desired Acc. to Total Demand ratio 2": 2.9405305945397524, "Desired Accumulation 3": 1079.1261339465946, "Total Demand 3": 1292.0, "Desired Acc. to Total Demand ratio 3": 0.8352369457790979, "Desired Accumulation 4": 1301.8167860825722, "Total Demand 4": 2804.0, "Desired Acc. to Total Demand ratio 4": 0.4642713217127576, "Reward": 17310.100928370426, "Best Reward:": 17867.023529955346, "ServedDemand": 3125.855584701844, "Best Served Demand": 3246.002288374889, "Reb. Cost": 559.1222571928088, "Best Reb. Cost": 691.4696511064668, "Spatial Reb. Cost": 1.7454, "Avg. Time": 0.6124428113301595, "_wandb": {"runtime": 105}}