{"Episode": 107, "Desired Accumulation 0": 11262.24336007881, "_timestamp": 1696030402.8228192, "_runtime": 70800.51297926903, "_step": 4921, "Total Demand 0": 19612.0, "Desired Acc. to Total Demand ratio 0": 0.5742526697980221, "Desired Accumulation 1": 11670.031579706323, "Total Demand 1": 30084.0, "Desired Acc. to Total Demand ratio 1": 0.38791489096218335, "Desired Accumulation 2": 11825.712451557156, "Total Demand 2": 53432.0, "Desired Acc. to Total Demand ratio 2": 0.2213226615428424, "Desired Accumulation 3": 11764.177093176086, "Total Demand 3": 23332.0, "Desired Acc. to Total Demand ratio 3": 0.5042078301549839, "Desired Accumulation 4": 11939.304418876198, "Total Demand 4": 39332.0, "Desired Acc. to Total Demand ratio 4": 0.30355192766389194, "Desired Accumulation 5": 12208.529760866499, "Total Demand 5": 19124.0, "Desired Acc. to Total Demand ratio 5": 0.6383878770584867, "Desired Accumulation 6": 11672.974021368029, "Total Demand 6": 6592.0, "Desired Acc. to Total Demand ratio 6": 1.7707788260570432, "Desired Accumulation 7": 12335.97376097153, "Total Demand 7": 16284.0, "Desired Acc. to Total Demand ratio 7": 0.7575518153384629, "Desired Accumulation 8": 12015.354352748545, "Total Demand 8": 8104.0, "Desired Acc. to Total Demand ratio 8": 1.4826449102601857, "Desired Accumulation 9": 11189.772373339545, "Total Demand 9": 8732.0, "Desired Acc. to Total Demand ratio 9": 1.2814672896632553, "Desired Accumulation 10": 10803.877264849314, "Total Demand 10": 14740.0, "Desired Acc. to Total Demand ratio 10": 0.7329631794334677, "Desired Accumulation 11": 11429.377343744603, "Total Demand 11": 16272.0, "Desired Acc. to Total Demand ratio 11": 0.702395362816163, "Desired Accumulation 12": 11450.389942945196, "Total Demand 12": 21508.0, "Desired Acc. to Total Demand ratio 12": 0.5323781822087221, "Desired Accumulation 13": 10943.0, "Total Demand 13": 22620.0, "Desired Acc. to Total Demand ratio 13": 0.48377541998231655, "Desired Accumulation 14": 11403.953172245707, "Total Demand 14": 15676.0, "Desired Acc. to Total Demand ratio 14": 0.7274785131567815, "Reward": 681337.9057870463, "Best Reward:": 687466.4944992677, "ServedDemand": 81981.59159738354, "Best Served Demand": 82872.21522303886, "Reb. Cost": 21070.26726419388, "Best Reb. Cost": 21254.999718559156, "Spatial Reb. Cost": 411.17826543321064, "Avg. Time": 8.605830753842989, "_wandb": {"runtime": 71339}}