{"Episode": 2, "Desired Accumulation 0": 1699.0277080731503, "_timestamp": 1694506729.1547046, "_runtime": 41.806843519210815, "_step": 31, "Total Demand 0": 3934.0, "Desired Acc. to Total Demand ratio 0": 0.4318829964598755, "Desired Accumulation 1": 1563.7495621458056, "Total Demand 1": 5040.0, "Desired Acc. to Total Demand ratio 1": 0.3102677702670249, "Desired Accumulation 2": 1484.1013306411132, "Total Demand 2": 3804.0, "Desired Acc. to Total Demand ratio 2": 0.3901423056364651, "Desired Accumulation 3": 1511.0470829152423, "Total Demand 3": 2748.0, "Desired Acc. to Total Demand ratio 3": 0.5498715731132614, "Desired Accumulation 4": 1516.7430043209663, "Total Demand 4": 3372.0, "Desired Acc. to Total Demand ratio 4": 0.44980516142377414, "Reward": 65901.10034679984, "Best Reward:": 66889.3279185061, "ServedDemand": 8185.331311903721, "Best Served Demand": 8346.008896692367, "Reb. Cost": 2140.683751704632, "Best Reb. Cost": 2084.445194962904, "Spatial Reb. Cost": 108.24255055583308, "_wandb": {"runtime": 49}}