{"Episode": 5, "Desired Accumulation 0": 189.80087393947596, "_timestamp": 1711453865.118426, "_runtime": 124.35501217842102, "_step": 75, "Total Demand 0": 3932.0, "Desired Acc. to Total Demand ratio 0": 0.04827082246680467, "Desired Accumulation 1": 158.0, "Total Demand 1": 5024.0, "Desired Acc. to Total Demand ratio 1": 0.03144904458598726, "Desired Accumulation 2": 158.0, "Total Demand 2": 3816.0, "Desired Acc. to Total Demand ratio 2": 0.04140461215932914, "Desired Accumulation 3": 158.0, "Total Demand 3": 2736.0, "Desired Acc. to Total Demand ratio 3": 0.0577485380116959, "Desired Accumulation 4": 158.0, "Total Demand 4": 3372.0, "Desired Acc. to Total Demand ratio 4": 0.0468564650059312, "AVG Reward ": 25863.998706028735, "Std Reward ": 328.3885440617702, "AVG Satisfied Demand ": 3173.5463832613154, "AVG Charging Cost ": 161.9712, "AVG Spatial Rebalancing Cost": 194.95465656749465, "AVG Timestep Time": 0.49080684582392375, "_wandb": {"runtime": 123}}