{"Episode": 10, "Desired Accumulation 0": 1901.9241917361926, "_timestamp": 1695872477.283258, "_runtime": 279.9760670661926, "_step": 159, "Total Demand 0": 1804.0, "Desired Acc. to Total Demand ratio 0": 1.0542817027362488, "Desired Accumulation 1": 1791.0470638422707, "Total Demand 1": 1932.0, "Desired Acc. to Total Demand ratio 1": 0.9270429937071795, "Desired Accumulation 2": 1555.524514848908, "Total Demand 2": 676.0, "Desired Acc. to Total Demand ratio 2": 2.3010717675279704, "Desired Accumulation 3": 1879.7502975624009, "Total Demand 3": 2748.0, "Desired Acc. to Total Demand ratio 3": 0.6840430486034937, "Desired Accumulation 4": 1684.0003354949772, "Total Demand 4": 5680.0, "Desired Acc. to Total Demand ratio 4": 0.29647893230545375, "Reward": 26099.78061531938, "Best Reward:": 28687.9690020167, "ServedDemand": 4509.691811295684, "Best Served Demand": 4999.0994627147375, "Reb. Cost": 1212.280634864079, "Best Reb. Cost": 1500.2457566478447, "Spatial Reb. Cost": 6.981892051537039, "Avg. Time": 0.5186493247747421, "_wandb": {"runtime": 294}}