{"Episode": 5, "Desired Accumulation 0": 1654.0003851836875, "_timestamp": 1711453579.7191184, "_runtime": 124.58041429519653, "_step": 75, "Total Demand 0": 30632.0, "Desired Acc. to Total Demand ratio 0": 0.053995833937832576, "Desired Accumulation 1": 2725.0, "Total Demand 1": 44440.0, "Desired Acc. to Total Demand ratio 1": 0.06131863186318632, "Desired Accumulation 2": 3861.0876207127885, "Total Demand 2": 63888.0, "Desired Acc. to Total Demand ratio 2": 0.060435255771236984, "Desired Accumulation 3": 2248.0, "Total Demand 3": 39448.0, "Desired Acc. to Total Demand ratio 3": 0.05698641249239505, "Desired Accumulation 4": 2424.0, "Total Demand 4": 42860.0, "Desired Acc. to Total Demand ratio 4": 0.056556229584694355, "AVG Reward ": 312436.59020650527, "Std Reward ": 367.73741517628946, "AVG Satisfied Demand ": 51208.16392698291, "AVG Charging Cost ": 2156.065786166461, "AVG Spatial Rebalancing Cost": 2771.098573064169, "AVG Timestep Time": 0.491789647936821, "_wandb": {"runtime": 124}}