{"Episode": 19, "Desired Accumulation 0": 954.0, "_timestamp": 1698799506.6842725, "_runtime": 3237.610104560852, "_step": 588, "Total Demand 0": 5084.0, "Desired Acc. to Total Demand ratio 0": 0.1876475216365067, "Desired Accumulation 1": 1363.1130004917386, "Total Demand 1": 6760.0, "Desired Acc. to Total Demand ratio 1": 0.201643934983985, "Desired Accumulation 2": 1118.9160000000002, "Total Demand 2": 4708.0, "Desired Acc. to Total Demand ratio 2": 0.23766270178419716, "Desired Accumulation 3": 1009.0, "Total Demand 3": 2932.0, "Desired Acc. to Total Demand ratio 3": 0.34413369713506137, "Desired Accumulation 4": 852.0, "Total Demand 4": 3836.0, "Desired Acc. to Total Demand ratio 4": 0.22210636079249219, "Desired Accumulation 5": 1005.0, "Total Demand 5": 5116.0, "Desired Acc. to Total Demand ratio 5": 0.19644253322908523, "Desired Accumulation 6": 4874.892089222674, "Total Demand 6": 8040.0, "Desired Acc. to Total Demand ratio 6": 0.6063298618436161, "Desired Accumulation 7": 3453.170020916944, "Total Demand 7": 9060.0, "Desired Acc. to Total Demand ratio 7": 0.3811445939201925, "Desired Accumulation 8": 4057.0920300170274, "Total Demand 8": 9140.0, "Desired Acc. to Total Demand ratio 8": 0.44388315426882136, "Desired Accumulation 9": 4096.759007457817, "Total Demand 9": 3624.0, "Desired Acc. to Total Demand ratio 9": 1.130452264751053, "Reward": 195415.67790747917, "Best Reward:": 206513.0926931496, "ServedDemand": 22653.00190056877, "Best Served Demand": 24387.438109900824, "Reb. Cost": 12980.524329886175, "Best Reb. Cost": 13869.581015347585, "Spatial Reb. Cost": 233.75340000000003, "Avg. Time": 1.525609294573466}