{"Episode": 30, "Desired Accumulation 0": 1152.342516663126, "_timestamp": 1698802594.3005743, "_runtime": 6325.226406335831, "_step": 929, "Total Demand 0": 5084.0, "Desired Acc. to Total Demand ratio 0": 0.22666060516583908, "Desired Accumulation 1": 1515.333501112672, "Total Demand 1": 6760.0, "Desired Acc. to Total Demand ratio 1": 0.22416176051962602, "Desired Accumulation 2": 1180.0, "Total Demand 2": 4708.0, "Desired Acc. to Total Demand ratio 2": 0.2506372132540357, "Desired Accumulation 3": 1235.9120000316648, "Total Demand 3": 2932.0, "Desired Acc. to Total Demand ratio 3": 0.42152523875568376, "Desired Accumulation 4": 893.0, "Total Demand 4": 3836.0, "Desired Acc. to Total Demand ratio 4": 0.23279457768508863, "Desired Accumulation 5": 1234.0, "Total Demand 5": 5116.0, "Desired Acc. to Total Demand ratio 5": 0.24120406567630961, "Desired Accumulation 6": 4158.347016216932, "Total Demand 6": 8040.0, "Desired Acc. to Total Demand ratio 6": 0.5172073403254891, "Desired Accumulation 7": 4529.313000777208, "Total Demand 7": 9060.0, "Desired Acc. to Total Demand ratio 7": 0.499924172271215, "Desired Accumulation 8": 4948.9680024656955, "Total Demand 8": 9140.0, "Desired Acc. to Total Demand ratio 8": 0.5414625823266626, "Desired Accumulation 9": 1756.2835009264263, "Total Demand 9": 3624.0, "Desired Acc. to Total Demand ratio 9": 0.484625690101111, "Reward": 195467.77101361452, "Best Reward:": 206513.0926931496, "ServedDemand": 22808.006960341285, "Best Served Demand": 24387.438109900824, "Reb. Cost": 13988.394927302566, "Best Reb. Cost": 13869.581015347585, "Spatial Reb. Cost": 912.0966000247704, "Avg. Time": 1.514197900891304}