{"Episode": 35, "Desired Accumulation 0": 1070.0, "_timestamp": 1698804027.0124452, "_runtime": 7757.938277244568, "_step": 1084, "Total Demand 0": 5084.0, "Desired Acc. to Total Demand ratio 0": 0.2104642014162077, "Desired Accumulation 1": 1505.8960000000002, "Total Demand 1": 6760.0, "Desired Acc. to Total Demand ratio 1": 0.2227656804733728, "Desired Accumulation 2": 1064.5849996498227, "Total Demand 2": 4708.0, "Desired Acc. to Total Demand ratio 2": 0.22612255727481367, "Desired Accumulation 3": 1464.780331952165, "Total Demand 3": 2932.0, "Desired Acc. to Total Demand ratio 3": 0.4995840149905065, "Desired Accumulation 4": 902.0, "Total Demand 4": 3836.0, "Desired Acc. to Total Demand ratio 4": 0.235140771637122, "Desired Accumulation 5": 1163.0, "Total Demand 5": 5116.0, "Desired Acc. to Total Demand ratio 5": 0.2273260359655981, "Desired Accumulation 6": 3741.535355518074, "Total Demand 6": 8040.0, "Desired Acc. to Total Demand ratio 6": 0.4653650939699097, "Desired Accumulation 7": 3550.378024144363, "Total Demand 7": 9060.0, "Desired Acc. to Total Demand ratio 7": 0.3918739540998193, "Desired Accumulation 8": 5874.120960319868, "Total Demand 8": 9140.0, "Desired Acc. to Total Demand ratio 8": 0.6426828184157405, "Desired Accumulation 9": 2102.068329540225, "Total Demand 9": 3624.0, "Desired Acc. to Total Demand ratio 9": 0.5800409297848304, "Reward": 196798.6484589995, "Best Reward:": 206513.0926931496, "ServedDemand": 23108.612691257327, "Best Served Demand": 24387.438109900824, "Reb. Cost": 14229.949470154448, "Best Reb. Cost": 13869.581015347585, "Spatial Reb. Cost": 893.7630000800953, "Avg. Time": 1.504282921552658}