{"Episode": 1, "Desired Accumulation 0": 4269.815435333155, "_timestamp": 1694535009.3056655, "_runtime": 119.09156441688538, "_step": 45, "Total Demand 0": 6198.0, "Desired Acc. to Total Demand ratio 0": 0.6889021354199991, "Desired Accumulation 1": 4412.000670344372, "Total Demand 1": 10496.0, "Desired Acc. to Total Demand ratio 1": 0.4203506736227489, "Desired Accumulation 2": 4015.5952264822486, "Total Demand 2": 6786.0, "Desired Acc. to Total Demand ratio 2": 0.5917470124494913, "Desired Accumulation 3": 4560.899742471038, "Total Demand 3": 3438.0, "Desired Acc. to Total Demand ratio 3": 1.3266142357391035, "Desired Accumulation 4": 4384.466919980721, "Total Demand 4": 5176.0, "Desired Acc. to Total Demand ratio 4": 0.8470762982961209, "Desired Accumulation 5": 4426.036333528503, "Total Demand 5": 6104.0, "Desired Acc. to Total Demand ratio 5": 0.7251042486121401, "Desired Accumulation 6": 4201.768993763624, "Total Demand 6": 9472.0, "Desired Acc. to Total Demand ratio 6": 0.44359892248349075, "Desired Accumulation 7": 4607.87502875929, "Total Demand 7": 9776.0, "Desired Acc. to Total Demand ratio 7": 0.4713456453313513, "Desired Accumulation 8": 4824.107774428521, "Total Demand 8": 9914.0, "Desired Acc. to Total Demand ratio 8": 0.48659549873194685, "Desired Accumulation 9": 4141.602024508852, "Total Demand 9": 3882.0, "Desired Acc. to Total Demand ratio 9": 1.0668732675190242, "Desired Accumulation 10": 4737.554167950353, "Total Demand 10": 5606.0, "Desired Acc. to Total Demand ratio 10": 0.8450863660275335, "Desired Accumulation 11": 4415.92779857381, "Total Demand 11": 3572.0, "Desired Acc. to Total Demand ratio 11": 1.2362619816835974, "Desired Accumulation 12": 4774.8917096992645, "Total Demand 12": 3130.0, "Desired Acc. to Total Demand ratio 12": 1.5255245078911388, "Desired Accumulation 13": 4165.5910998042855, "Total Demand 13": 9356.0, "Desired Acc. to Total Demand ratio 13": 0.4452320542757894, "Desired Accumulation 14": 4108.602794698297, "Total Demand 14": 8300.0, "Desired Acc. to Total Demand ratio 14": 0.49501238490340926, "Reward": 468620.2819010532, "Best Reward:": 468620.2819010532, "ServedDemand": 57064.264279713185, "Best Served Demand": 57064.264279713185, "Reb. Cost": 20476.223047433792, "Best Reb. Cost": 20476.223047433792, "Spatial Reb. Cost": 683.2539454228663, "_wandb": {"runtime": 157}}