{"Reward": 698916.9724257303, "ServedDemand": 83553.9487434609, "Reb. Cost": 27651.05269721789, "Avg.Time": 54.48137589718433, "_timestamp": 1711463802.5285077, "_runtime": 2568.2506515979767, "_step": 0, "_wandb": {"runtime": 2568}}