{"Episode": 164, "Desired Accumulation 0": 6910.510454135338, "_timestamp": 1695141295.0487764, "_runtime": 24259.22808432579, "_step": 5083, "Total Demand 0": 11684.0, "Desired Acc. to Total Demand ratio 0": 0.5914507406825862, "Desired Accumulation 1": 7180.47649543751, "Total Demand 1": 8576.0, "Desired Acc. to Total Demand ratio 1": 0.8372757107553066, "Desired Accumulation 2": 7236.8747402801755, "Total Demand 2": 15028.0, "Desired Acc. to Total Demand ratio 2": 0.48155940512910406, "Desired Accumulation 3": 7102.75360208936, "Total Demand 3": 11988.0, "Desired Acc. to Total Demand ratio 3": 0.5924886221295763, "Desired Accumulation 4": 6741.3593873347145, "Total Demand 4": 7896.0, "Desired Acc. to Total Demand ratio 4": 0.8537689193686315, "Desired Accumulation 5": 6896.407442766569, "Total Demand 5": 13128.0, "Desired Acc. to Total Demand ratio 5": 0.5253204938122006, "Desired Accumulation 6": 6754.407921422502, "Total Demand 6": 6800.0, "Desired Acc. to Total Demand ratio 6": 0.9932952825621326, "Desired Accumulation 7": 6649.316434381949, "Total Demand 7": 9296.0, "Desired Acc. to Total Demand ratio 7": 0.7152879124765436, "Desired Accumulation 8": 7108.19450134115, "Total Demand 8": 6112.0, "Desired Acc. to Total Demand ratio 8": 1.162989938046654, "Desired Accumulation 9": 6451.688476995012, "Total Demand 9": 5252.0, "Desired Acc. to Total Demand ratio 9": 1.2284250717812284, "Reward": 254661.88906122293, "Best Reward:": 274465.83764924016, "ServedDemand": 41342.28125739669, "Best Served Demand": 44783.34023447971, "Reb. Cost": 9298.004100878625, "Best Reb. Cost": 10977.270215917953, "Spatial Reb. Cost": 196.63488840410997, "Avg. Time": 2.1819966236750283, "_wandb": {"runtime": 24265}}