{"Episode": 67, "Desired Accumulation 0": 5755.738422591039, "_timestamp": 1696030696.9727337, "_runtime": 71004.09083580971, "_step": 4086, "Total Demand 0": 6628.0, "Desired Acc. to Total Demand ratio 0": 0.8683974687071574, "Desired Accumulation 1": 6374.633321594152, "Total Demand 1": 12312.0, "Desired Acc. to Total Demand ratio 1": 0.5177577421697654, "Desired Accumulation 2": 5677.326898325016, "Total Demand 2": 8212.0, "Desired Acc. to Total Demand ratio 2": 0.6913452141165388, "Desired Accumulation 3": 5845.881740579094, "Total Demand 3": 3672.0, "Desired Acc. to Total Demand ratio 3": 1.5920157245585769, "Desired Accumulation 4": 6901.997986997434, "Total Demand 4": 5808.0, "Desired Acc. to Total Demand ratio 4": 1.1883605349513489, "Desired Accumulation 5": 6170.457744157654, "Total Demand 5": 6600.0, "Desired Acc. to Total Demand ratio 5": 0.934917840023887, "Desired Accumulation 6": 6074.243574431726, "Total Demand 6": 10660.0, "Desired Acc. to Total Demand ratio 6": 0.5698164703969725, "Desired Accumulation 7": 6584.695634218214, "Total Demand 7": 10768.0, "Desired Acc. to Total Demand ratio 7": 0.6115059095670704, "Desired Accumulation 8": 6185.841337655482, "Total Demand 8": 11220.0, "Desired Acc. to Total Demand ratio 8": 0.5513227573667987, "Desired Accumulation 9": 5932.262480706381, "Total Demand 9": 4316.0, "Desired Acc. to Total Demand ratio 9": 1.3744815756965665, "Desired Accumulation 10": 5862.469272719267, "Total Demand 10": 10000.0, "Desired Acc. to Total Demand ratio 10": 0.5862469272719267, "Desired Accumulation 11": 5640.0, "Total Demand 11": 6704.0, "Desired Acc. to Total Demand ratio 11": 0.8412887828162291, "Desired Accumulation 12": 6244.871830829064, "Total Demand 12": 6424.0, "Desired Acc. to Total Demand ratio 12": 0.9721157893569526, "Desired Accumulation 13": 5997.972173298425, "Total Demand 13": 12140.0, "Desired Acc. to Total Demand ratio 13": 0.49406690060118824, "Desired Accumulation 14": 5918.795163286259, "Total Demand 14": 9532.0, "Desired Acc. to Total Demand ratio 14": 0.620939484188655, "Desired Accumulation 15": 6194.467889951728, "Total Demand 15": 3736.0, "Desired Acc. to Total Demand ratio 15": 1.6580481504153446, "Desired Accumulation 16": 5925.987267276307, "Total Demand 16": 10000.0, "Desired Acc. to Total Demand ratio 16": 0.5925987267276307, "Desired Accumulation 17": 5635.0, "Total Demand 17": 6704.0, "Desired Acc. to Total Demand ratio 17": 0.8405429594272077, "Desired Accumulation 18": 5932.786890572301, "Total Demand 18": 6424.0, "Desired Acc. to Total Demand ratio 18": 0.9235346965398974, "Desired Accumulation 19": 6164.035351370456, "Total Demand 19": 12140.0, "Desired Acc. to Total Demand ratio 19": 0.5077459103270556, "Reward": 410709.7777010058, "Best Reward:": 418316.6891421425, "ServedDemand": 40423.37941313654, "Best Served Demand": 41004.7634492513, "Reb. Cost": 14034.197069394391, "Best Reb. Cost": 15151.787648438256, "Spatial Reb. Cost": 229.7831202860891, "Avg. Time": 14.281962091724077, "_wandb": {"runtime": 71236}}