{"Episode": 10, "Desired Accumulation 0": 16754.006383268817, "_timestamp": 1695879764.2202203, "_runtime": 341.6777503490448, "_step": 159, "Total Demand 0": 4588.0, "Desired Acc. to Total Demand ratio 0": 3.651701478480562, "Desired Accumulation 1": 16455.899472560748, "Total Demand 1": 3668.0, "Desired Acc. to Total Demand ratio 1": 4.48634118663052, "Desired Accumulation 2": 16873.272831236216, "Total Demand 2": 2956.0, "Desired Acc. to Total Demand ratio 2": 5.708143718280182, "Desired Accumulation 3": 16044.076946921195, "Total Demand 3": 2964.0, "Desired Acc. to Total Demand ratio 3": 5.412981426086773, "Desired Accumulation 4": 17438.56979968981, "Total Demand 4": 2580.0, "Desired Acc. to Total Demand ratio 4": 6.75913558127512, "Reward": 60337.601980075415, "Best Reward:": 61925.27783679171, "ServedDemand": 13765.233768142827, "Best Served Demand": 14021.05994818997, "Reb. Cost": 23362.709758786372, "Best Reb. Cost": 23325.1091575372, "Spatial Reb. Cost": 558.0089138510001, "Avg. Time": 0.648761048913002, "_wandb": {"runtime": 544}}