{"Episode": 5, "Desired Accumulation 0": 665.0087711712152, "_timestamp": 1711481277.7080855, "_runtime": 1613.1937456130981, "_step": 300, "Total Demand 0": 67556.0, "Desired Acc. to Total Demand ratio 0": 0.009843815074474736, "Desired Accumulation 1": 1079.0, "Total Demand 1": 96560.0, "Desired Acc. to Total Demand ratio 1": 0.011174399337199669, "Desired Accumulation 2": 1321.880045993619, "Total Demand 2": 111072.0, "Desired Acc. to Total Demand ratio 2": 0.011901109604523364, "Desired Accumulation 3": 663.0, "Total Demand 3": 69508.0, "Desired Acc. to Total Demand ratio 3": 0.009538470391897336, "Desired Accumulation 4": 735.0, "Total Demand 4": 68208.0, "Desired Acc. to Total Demand ratio 4": 0.010775862068965518, "Desired Accumulation 5": 810.0, "Total Demand 5": 85488.0, "Desired Acc. to Total Demand ratio 5": 0.009475014037057833, "Desired Accumulation 6": 302.0, "Total Demand 6": 33600.0, "Desired Acc. to Total Demand ratio 6": 0.008988095238095238, "Desired Accumulation 7": 500.0, "Total Demand 7": 42632.0, "Desired Acc. to Total Demand ratio 7": 0.011728279226871833, "Desired Accumulation 8": 343.0, "Total Demand 8": 32308.0, "Desired Acc. to Total Demand ratio 8": 0.01061656555651851, "Desired Accumulation 9": 440.0, "Total Demand 9": 46588.0, "Desired Acc. to Total Demand ratio 9": 0.009444492143899717, "Desired Accumulation 10": 699.0, "Total Demand 10": 77896.0, "Desired Acc. to Total Demand ratio 10": 0.008973503132381638, "Desired Accumulation 11": 369.0, "Total Demand 11": 32540.0, "Desired Acc. to Total Demand ratio 11": 0.011339889366933005, "Desired Accumulation 12": 644.0, "Total Demand 12": 60656.0, "Desired Acc. to Total Demand ratio 12": 0.010617251384858877, "Desired Accumulation 13": 389.0, "Total Demand 13": 40820.0, "Desired Acc. to Total Demand ratio 13": 0.009529642332190103, "Desired Accumulation 14": 327.0, "Total Demand 14": 28344.0, "Desired Acc. to Total Demand ratio 14": 0.01153683319220999, "Desired Accumulation 15": 456.0, "Total Demand 15": 36724.0, "Desired Acc. to Total Demand ratio 15": 0.012416948044875286, "Desired Accumulation 16": 420.0, "Total Demand 16": 36112.0, "Desired Acc. to Total Demand ratio 16": 0.011630482941958353, "Desired Accumulation 17": 532.0, "Total Demand 17": 51280.0, "Desired Acc. to Total Demand ratio 17": 0.010374414976599064, "Desired Accumulation 18": 473.0, "Total Demand 18": 48008.0, "Desired Acc. to Total Demand ratio 18": 0.009852524579236794, "Desired Accumulation 19": 346.0, "Total Demand 19": 33400.0, "Desired Acc. to Total Demand ratio 19": 0.010359281437125748, "AVG Reward ": 1407352.5606324119, "Std Reward ": 1327.189703158454, "AVG Satisfied Demand ": 185975.76417441736, "AVG Charging Cost ": 30507.01871860127, "AVG Spatial Rebalancing Cost": 32605.614265595294, "AVG Timestep Time": 6.675751851002376, "_wandb": {"runtime": 1612}}