{"Episode": 1, "Desired Accumulation 0": 1592.5544613172378, "_timestamp": 1695873047.4496305, "_runtime": 30.51572060585022, "_step": 15, "Total Demand 0": 1804.0, "Desired Acc. to Total Demand ratio 0": 0.8827907213510188, "Desired Accumulation 1": 1456.42981577209, "Total Demand 1": 1932.0, "Desired Acc. to Total Demand ratio 1": 0.7538456603375208, "Desired Accumulation 2": 1809.0078423446612, "Total Demand 2": 676.0, "Desired Acc. to Total Demand ratio 2": 2.67604710406015, "Desired Accumulation 3": 1393.691510612854, "Total Demand 3": 2748.0, "Desired Acc. to Total Demand ratio 3": 0.5071657607761477, "Desired Accumulation 4": 2050.8506457126227, "Total Demand 4": 5680.0, "Desired Acc. to Total Demand ratio 4": 0.3610652545268702, "Reward": 28438.833379863372, "Best Reward:": 28438.833379863372, "ServedDemand": 4966.075253360819, "Best Served Demand": 4966.075253360819, "Reb. Cost": 1499.244328803757, "Best Reb. Cost": 1499.244328803757, "Spatial Reb. Cost": 111.33195308923162, "Avg. Time": 0.6253060301144918, "_wandb": {"runtime": 33}}