{"Episode": 2094, "Desired Accumulation 0": 1447.0961564111444, "_timestamp": 1695837148.084752, "_runtime": 79165.6118941307, "_step": 33503, "Total Demand 0": 3932.0, "Desired Acc. to Total Demand ratio 0": 0.36803055859896855, "Desired Accumulation 1": 1716.2164525024573, "Total Demand 1": 5024.0, "Desired Acc. to Total Demand ratio 1": 0.34160359325287765, "Desired Accumulation 2": 1331.1580649426235, "Total Demand 2": 3816.0, "Desired Acc. to Total Demand ratio 2": 0.3488359708969139, "Desired Accumulation 3": 1742.9666452583615, "Total Demand 3": 2736.0, "Desired Acc. to Total Demand ratio 3": 0.6370492124482315, "Desired Accumulation 4": 1469.222369475706, "Total Demand 4": 3372.0, "Desired Acc. to Total Demand ratio 4": 0.43571244646373253, "Reward": 48060.602058484095, "Best Reward:": 59556.775939888226, "ServedDemand": 5756.980337625548, "Best Served Demand": 7293.006592275068, "Reb. Cost": 1662.212520219972, "Best Reb. Cost": 2512.850285162494, "Spatial Reb. Cost": 27.9264, "Avg. Time": 0.5492377231518427, "_wandb": {"runtime": 79189}}