{"Reward": 2366274.450069761, "ServedDemand": 351832.9918103603, "Reb. Cost": 105058.95764923956, "Avg.Time": 33.39010860057587, "_timestamp": 1711455683.2392395, "_runtime": 1576.1152374744415, "_step": 0, "_wandb": {"runtime": 1575}}