{"Episode": 5, "Desired Accumulation 0": 911.0992856401907, "_timestamp": 1711467018.6552813, "_runtime": 1094.375970363617, "_step": 225, "Total Demand 0": 59292.0, "Desired Acc. to Total Demand ratio 0": 0.015366310558594595, "Desired Accumulation 1": 806.0, "Total Demand 1": 83868.0, "Desired Acc. to Total Demand ratio 1": 0.009610340058186674, "Desired Accumulation 2": 806.0, "Total Demand 2": 95352.0, "Desired Acc. to Total Demand ratio 2": 0.008452890343149593, "Desired Accumulation 3": 806.0, "Total Demand 3": 63720.0, "Desired Acc. to Total Demand ratio 3": 0.012649089767733835, "Desired Accumulation 4": 806.0, "Total Demand 4": 60796.0, "Desired Acc. to Total Demand ratio 4": 0.013257451148101848, "Desired Accumulation 5": 806.0, "Total Demand 5": 79920.0, "Desired Acc. to Total Demand ratio 5": 0.010085085085085085, "Desired Accumulation 6": 806.0, "Total Demand 6": 30064.0, "Desired Acc. to Total Demand ratio 6": 0.02680947312400213, "Desired Accumulation 7": 806.0, "Total Demand 7": 34128.0, "Desired Acc. to Total Demand ratio 7": 0.02361697140178153, "Desired Accumulation 8": 806.0, "Total Demand 8": 28424.0, "Desired Acc. to Total Demand ratio 8": 0.028356318603996622, "Desired Accumulation 9": 806.0, "Total Demand 9": 42768.0, "Desired Acc. to Total Demand ratio 9": 0.01884586606808829, "Desired Accumulation 10": 806.0, "Total Demand 10": 71548.0, "Desired Acc. to Total Demand ratio 10": 0.011265164644714038, "Desired Accumulation 11": 806.0, "Total Demand 11": 23028.0, "Desired Acc. to Total Demand ratio 11": 0.035000868507903425, "Desired Accumulation 12": 806.0, "Total Demand 12": 47512.0, "Desired Acc. to Total Demand ratio 12": 0.016964135376325983, "Desired Accumulation 13": 806.0, "Total Demand 13": 28196.0, "Desired Acc. to Total Demand ratio 13": 0.028585614980848346, "Desired Accumulation 14": 806.0, "Total Demand 14": 16120.0, "Desired Acc. to Total Demand ratio 14": 0.05, "AVG Reward ": 1137952.6106579278, "Std Reward ": 1445.4672536509947, "AVG Satisfied Demand ": 154100.22772641436, "AVG Charging Cost ": 7035.976555980518, "AVG Spatial Rebalancing Cost": 9172.666882482856, "AVG Timestep Time": 4.514300125837326, "_wandb": {"runtime": 1094}}