{"Episode": 2, "Desired Accumulation 0": 3082.000000111485, "_timestamp": 1694477273.8004394, "_runtime": 133.63153338432312, "_step": 61, "Total Demand 0": 5090.0, "Desired Acc. to Total Demand ratio 0": 0.6055009823401739, "Desired Accumulation 1": 3789.000000006371, "Total Demand 1": 6778.0, "Desired Acc. to Total Demand ratio 1": 0.5590144585432828, "Desired Accumulation 2": 3348.0, "Total Demand 2": 4702.0, "Desired Acc. to Total Demand ratio 2": 0.7120374308804764, "Desired Accumulation 3": 3946.000000016375, "Total Demand 3": 2970.0, "Desired Acc. to Total Demand ratio 3": 1.3286195286250422, "Desired Accumulation 4": 3161.962946803372, "Total Demand 4": 3842.0, "Desired Acc. to Total Demand ratio 4": 0.8229992053106121, "Desired Accumulation 5": 3856.239232857847, "Total Demand 5": 5116.0, "Desired Acc. to Total Demand ratio 5": 0.7537606006367957, "Desired Accumulation 6": 3969.6989583556515, "Total Demand 6": 8046.0, "Desired Acc. to Total Demand ratio 6": 0.4933754608943141, "Desired Accumulation 7": 3218.5917618504373, "Total Demand 7": 9066.0, "Desired Acc. to Total Demand ratio 7": 0.3550178426925256, "Desired Accumulation 8": 3570.830829418822, "Total Demand 8": 9146.0, "Desired Acc. to Total Demand ratio 8": 0.3904254132318852, "Desired Accumulation 9": 3808.2972533700454, "Total Demand 9": 3658.0, "Desired Acc. to Total Demand ratio 9": 1.0410872753882028, "Reward": 269797.65303064795, "Best Reward:": 269797.65303064795, "ServedDemand": 32640.37901720962, "Best Served Demand": 32640.37901720962, "Reb. Cost": 13072.453348681356, "Best Reb. Cost": 13072.453348681356, "Spatial Reb. Cost": 252.6194184548351, "_wandb": {"runtime": 167}}