{"Reward": 1079170.902883478, "ServedDemand": 139814.9426563045, "Reb. Cost": 0, "Avg.Time": 16.035062367717426, "_timestamp": 1711456477.7560184, "_runtime": 776.083681344986, "_step": 0, "_wandb": {"runtime": 775}}