{"Episode": 2119, "Desired Accumulation 0": 3503.4543043076906, "_timestamp": 1696110386.9506488, "_runtime": 153764.4000327587, "_step": 33903, "Total Demand 0": 4588.0, "Desired Acc. to Total Demand ratio 0": 0.7636125336328881, "Desired Accumulation 1": 3576.7446998958367, "Total Demand 1": 3668.0, "Desired Acc. to Total Demand ratio 1": 0.975121237703336, "Desired Accumulation 2": 3385.762469436478, "Total Demand 2": 2956.0, "Desired Acc. to Total Demand ratio 2": 1.1453864916902836, "Desired Accumulation 3": 3132.2911014906385, "Total Demand 3": 2964.0, "Desired Acc. to Total Demand ratio 3": 1.0567783743220778, "Desired Accumulation 4": 3108.1606955927864, "Total Demand 4": 2580.0, "Desired Acc. to Total Demand ratio 4": 1.2047134479041808, "Reward": 67885.84899994591, "Best Reward:": 72034.36872122799, "ServedDemand": 11717.653471845755, "Best Served Demand": 12600.559097931831, "Reb. Cost": 3715.5504616931953, "Best Reb. Cost": 4689.868946613911, "Spatial Reb. Cost": 38.55500232837384, "Avg. Time": 0.5349498887856802, "_wandb": {"runtime": 153774}}