{"Episode": 141, "Desired Accumulation 0": 7354.426759445613, "_timestamp": 1695879955.95356, "_runtime": 5793.277309179306, "_step": 2255, "Total Demand 0": 11140.0, "Desired Acc. to Total Demand ratio 0": 0.6601819353182776, "Desired Accumulation 1": 6975.18608160796, "Total Demand 1": 6476.0, "Desired Acc. to Total Demand ratio 1": 1.077082470909197, "Desired Accumulation 2": 7015.931570674335, "Total Demand 2": 10720.0, "Desired Acc. to Total Demand ratio 2": 0.6544712286076805, "Desired Accumulation 3": 7204.352160593572, "Total Demand 3": 10944.0, "Desired Acc. to Total Demand ratio 3": 0.658292412334939, "Desired Accumulation 4": 6371.695820957381, "Total Demand 4": 13856.0, "Desired Acc. to Total Demand ratio 4": 0.4598510263393029, "Reward": 119417.14383112852, "Best Reward:": 133872.18633702342, "ServedDemand": 19825.320800269776, "Best Served Demand": 22460.634446395787, "Reb. Cost": 3900.1947932630746, "Best Reb. Cost": 5135.744792635149, "Spatial Reb. Cost": 117.2294995387486, "Avg. Time": 0.5354954401652018, "_wandb": {"runtime": 5817}}