{"Episode": 1, "Desired Accumulation 0": 11944.466736693506, "_timestamp": 1694733982.7081583, "_runtime": 28.0198712348938, "_step": 15, "Total Demand 0": 11140.0, "Desired Acc. to Total Demand ratio 0": 1.0722142492543543, "Desired Accumulation 1": 11634.418091845615, "Total Demand 1": 6476.0, "Desired Acc. to Total Demand ratio 1": 1.7965438684134674, "Desired Accumulation 2": 11531.174141609927, "Total Demand 2": 10720.0, "Desired Acc. to Total Demand ratio 2": 1.0756692296277917, "Desired Accumulation 3": 12022.145295850083, "Total Demand 3": 10944.0, "Desired Acc. to Total Demand ratio 3": 1.098514738290395, "Desired Accumulation 4": 11907.471433029217, "Total Demand 4": 13856.0, "Desired Acc. to Total Demand ratio 4": 0.8593729382959885, "Reward": 208596.59538500826, "Best Reward:": 208596.59538500826, "ServedDemand": 37191.28783144014, "Best Served Demand": 37191.28783144014, "Reb. Cost": 15857.885427130337, "Best Reb. Cost": 15857.885427130337, "Spatial Reb. Cost": 312.5471617299853, "Avg. Time": 0.5643124034007391, "_wandb": {"runtime": 34}}