{"Reward": 661068.065545566, "ServedDemand": 104309.83283803445, "Reb. Cost": 0, "Avg.Time": 7.511073763171832, "_timestamp": 1711448250.191605, "_runtime": 365.9609661102295, "_step": 0, "_wandb": {"runtime": 365}}