{"Episode": 1, "Desired Accumulation 0": 6680.55478954534, "_timestamp": 1695874359.6673331, "_runtime": 26.44942617416382, "_step": 15, "Total Demand 0": 11140.0, "Desired Acc. to Total Demand ratio 0": 0.5996907351476966, "Desired Accumulation 1": 7523.49933853691, "Total Demand 1": 6476.0, "Desired Acc. to Total Demand ratio 1": 1.1617509787734575, "Desired Accumulation 2": 6529.971581857211, "Total Demand 2": 10720.0, "Desired Acc. to Total Demand ratio 2": 0.6091391400986205, "Desired Accumulation 3": 6562.435601327286, "Total Demand 3": 10944.0, "Desired Acc. to Total Demand ratio 3": 0.5996377559692331, "Desired Accumulation 4": 6761.155147515611, "Total Demand 4": 13856.0, "Desired Acc. to Total Demand ratio 4": 0.4879586567202375, "Reward": 121383.4679107293, "Best Reward:": 121383.4679107293, "ServedDemand": 20269.821817619388, "Best Served Demand": 20269.821817619388, "Reb. Cost": 4433.312284059059, "Best Reb. Cost": 4433.312284059059, "Spatial Reb. Cost": 125.69855604901349, "Avg. Time": 0.5430377076069514, "_wandb": {"runtime": 51}}