{"Reward": 528877.8876554585, "ServedDemand": 66698.99848498523, "Reb. Cost": 22267.210236526626, "Avg.Time": 874.3569295406342, "_timestamp": 1711457376.8579855, "_runtime": 881.091418504715, "_step": 0, "_wandb": {"runtime": 880}}