{"Episode": 3, "Desired Accumulation 0": 3051.387107065525, "_timestamp": 1694480776.9000268, "_runtime": 175.24680876731873, "_step": 92, "Total Demand 0": 5090.0, "Desired Acc. to Total Demand ratio 0": 0.599486661505997, "Desired Accumulation 1": 3326.9906605017018, "Total Demand 1": 6778.0, "Desired Acc. to Total Demand ratio 1": 0.49085138101234904, "Desired Accumulation 2": 2506.0, "Total Demand 2": 4702.0, "Desired Acc. to Total Demand ratio 2": 0.5329646958740961, "Desired Accumulation 3": 2081.5102634770433, "Total Demand 3": 2970.0, "Desired Acc. to Total Demand ratio 3": 0.700845206557927, "Desired Accumulation 4": 2360.6221731926908, "Total Demand 4": 3842.0, "Desired Acc. to Total Demand ratio 4": 0.6144253444020538, "Desired Accumulation 5": 2631.0, "Total Demand 5": 5116.0, "Desired Acc. to Total Demand ratio 5": 0.5142689601250977, "Desired Accumulation 6": 4248.157801405383, "Total Demand 6": 8046.0, "Desired Acc. to Total Demand ratio 6": 0.5279838182209027, "Desired Accumulation 7": 4386.1651777028965, "Total Demand 7": 9066.0, "Desired Acc. to Total Demand ratio 7": 0.4838037919372266, "Desired Accumulation 8": 5063.029830223379, "Total Demand 8": 9146.0, "Desired Acc. to Total Demand ratio 8": 0.5535785950386375, "Desired Accumulation 9": 2397.0, "Total Demand 9": 3658.0, "Desired Acc. to Total Demand ratio 9": 0.6552761071623838, "Reward": 287998.2005689723, "Best Reward:": 288125.43426875246, "ServedDemand": 36340.13698643192, "Best Served Demand": 36498.63522551649, "Reb. Cost": 20571.519508163678, "Best Reb. Cost": 21167.796953803776, "Spatial Reb. Cost": 709.1456667520602, "_wandb": {"runtime": 203}}