{"Episode": 324, "Desired Accumulation 0": 57038.248415074355, "_timestamp": 1694455659.1490262, "_runtime": 4945.238088130951, "_step": 5183, "Total Demand 0": 601820.0, "Desired Acc. to Total Demand ratio 0": 0.09477625937169644, "Desired Accumulation 1": 56791.99999971576, "Total Demand 1": 526630.0, "Desired Acc. to Total Demand ratio 1": 0.10784041926915626, "Desired Accumulation 2": 55570.00000280075, "Total Demand 2": 596908.0, "Desired Acc. to Total Demand ratio 2": 0.09309642357415339, "Desired Accumulation 3": 57989.13674662545, "Total Demand 3": 481980.0, "Desired Acc. to Total Demand ratio 3": 0.12031440463634477, "Desired Accumulation 4": 53407.000001491295, "Total Demand 4": 558668.0, "Desired Acc. to Total Demand ratio 4": 0.09559702721740156, "Reward": 2673466.22941541, "Best Reward:": 2708532.720480659, "ServedDemand": 334803.61483429244, "Best Served Demand": 338590.1369805234, "Reb. Cost": 51826.21984471679, "Best Reb. Cost": 49768.941179391724, "Spatial Reb. Cost": 1919.9399999999996, "_wandb": {"runtime": 4947}}