{"Episode": 15, "Desired Accumulation 0": 7932.785480219107, "_timestamp": 1698799319.4069278, "_runtime": 3012.612911939621, "_step": 464, "Total Demand 0": 16640.0, "Desired Acc. to Total Demand ratio 0": 0.47672989664778287, "Desired Accumulation 1": 4822.0, "Total Demand 1": 25096.0, "Desired Acc. to Total Demand ratio 1": 0.1921421740516417, "Desired Accumulation 2": 8908.725954968664, "Total Demand 2": 26176.0, "Desired Acc. to Total Demand ratio 2": 0.3403394695510645, "Desired Accumulation 3": 5528.204499378637, "Total Demand 3": 13992.0, "Desired Acc. to Total Demand ratio 3": 0.39509751996702663, "Desired Accumulation 4": 5984.540988293601, "Total Demand 4": 13976.0, "Desired Acc. to Total Demand ratio 4": 0.42820127277429887, "Desired Accumulation 5": 5626.819494827643, "Total Demand 5": 19760.0, "Desired Acc. to Total Demand ratio 5": 0.28475807160058925, "Desired Accumulation 6": 7739.019763377988, "Total Demand 6": 8576.0, "Desired Acc. to Total Demand ratio 6": 0.9024043567371721, "Desired Accumulation 7": 6566.318500728786, "Total Demand 7": 14864.0, "Desired Acc. to Total Demand ratio 7": 0.44175985607701734, "Desired Accumulation 8": 5515.916489154204, "Total Demand 8": 10660.0, "Desired Acc. to Total Demand ratio 8": 0.5174405712152161, "Desired Accumulation 9": 5175.0, "Total Demand 9": 18776.0, "Desired Acc. to Total Demand ratio 9": 0.2756178099701747, "Reward": 553257.538530035, "Best Reward:": 600135.10587233, "ServedDemand": 69900.13832745825, "Best Served Demand": 77102.85615905617, "Reb. Cost": 41434.39952979594, "Best Reb. Cost": 47505.950580399025, "Spatial Reb. Cost": 1419.084369243566, "Avg. Time": 1.5974618991216023}