{"Episode": 24, "Desired Accumulation 0": 7734.586004585338, "_timestamp": 1698803696.2099483, "_runtime": 7389.415932416916, "_step": 743, "Total Demand 0": 16640.0, "Desired Acc. to Total Demand ratio 0": 0.46481887046786885, "Desired Accumulation 1": 4541.392999893278, "Total Demand 1": 25096.0, "Desired Acc. to Total Demand ratio 1": 0.18096083040696836, "Desired Accumulation 2": 7987.9844280767975, "Total Demand 2": 26176.0, "Desired Acc. to Total Demand ratio 2": 0.3051644417816625, "Desired Accumulation 3": 5730.8719950090335, "Total Demand 3": 13992.0, "Desired Acc. to Total Demand ratio 3": 0.40958204652723224, "Desired Accumulation 4": 6001.983024069865, "Total Demand 4": 13976.0, "Desired Acc. to Total Demand ratio 4": 0.4294492718996755, "Desired Accumulation 5": 4958.11205522574, "Total Demand 5": 19760.0, "Desired Acc. to Total Demand ratio 5": 0.2509166019851083, "Desired Accumulation 6": 7548.52620811339, "Total Demand 6": 8576.0, "Desired Acc. to Total Demand ratio 6": 0.8801919552371024, "Desired Accumulation 7": 6309.3930144130445, "Total Demand 7": 14864.0, "Desired Acc. to Total Demand ratio 7": 0.42447477222908, "Desired Accumulation 8": 5601.528999947191, "Total Demand 8": 10660.0, "Desired Acc. to Total Demand ratio 8": 0.5254717635972974, "Desired Accumulation 9": 5234.2660085250845, "Total Demand 9": 18776.0, "Desired Acc. to Total Demand ratio 9": 0.27877428677700705, "Reward": 561019.8236917763, "Best Reward:": 600135.10587233, "ServedDemand": 71279.903548738, "Best Served Demand": 77102.85615905617, "Reb. Cost": 43297.274795445555, "Best Reb. Cost": 47505.950580399025, "Spatial Reb. Cost": 1610.3882456371284, "Avg. Time": 1.5835639884074528}