{"Episode": 22, "Desired Accumulation 0": 8363.954344665708, "_timestamp": 1698802758.517545, "_runtime": 6451.723529100418, "_step": 681, "Total Demand 0": 16640.0, "Desired Acc. to Total Demand ratio 0": 0.5026414870592373, "Desired Accumulation 1": 6467.795329452276, "Total Demand 1": 25096.0, "Desired Acc. to Total Demand ratio 1": 0.2577221600833709, "Desired Accumulation 2": 8108.982599727065, "Total Demand 2": 26176.0, "Desired Acc. to Total Demand ratio 2": 0.3097869269455633, "Desired Accumulation 3": 6247.0, "Total Demand 3": 13992.0, "Desired Acc. to Total Demand ratio 3": 0.4464694110920526, "Desired Accumulation 4": 6135.974329576387, "Total Demand 4": 13976.0, "Desired Acc. to Total Demand ratio 4": 0.43903651470924354, "Desired Accumulation 5": 7482.318362272405, "Total Demand 5": 19760.0, "Desired Acc. to Total Demand ratio 5": 0.3786598361473889, "Desired Accumulation 6": 6725.4530050352605, "Total Demand 6": 8576.0, "Desired Acc. to Total Demand ratio 6": 0.7842179343557907, "Desired Accumulation 7": 8105.308345510608, "Total Demand 7": 14864.0, "Desired Acc. to Total Demand ratio 7": 0.5452979242135769, "Desired Accumulation 8": 6228.540994509201, "Total Demand 8": 10660.0, "Desired Acc. to Total Demand ratio 8": 0.5842909000477674, "Desired Accumulation 9": 5402.0, "Total Demand 9": 18776.0, "Desired Acc. to Total Demand ratio 9": 0.28770771197273115, "Reward": 534789.0354749222, "Best Reward:": 600135.10587233, "ServedDemand": 67200.31097910629, "Best Served Demand": 77102.85615905617, "Reb. Cost": 36872.87177808538, "Best Reb. Cost": 47505.950580399025, "Spatial Reb. Cost": 1776.0680160192217, "Avg. Time": 1.596881518761317}