{"Reward": 409883.5942876983, "ServedDemand": 51816.60359806849, "Reb. Cost": 23121.66424840573, "Avg.Time": 31.613567524767937, "_timestamp": 1711458887.3898406, "_runtime": 1492.3238806724548, "_step": 0, "_wandb": {"runtime": 1492}}