{"Episode": 5, "Desired Accumulation 0": 901.0085766013694, "_timestamp": 1711478728.6572158, "_runtime": 397.5298159122467, "_step": 150, "Total Demand 0": 50916.0, "Desired Acc. to Total Demand ratio 0": 0.01769598115722699, "Desired Accumulation 1": 1350.0, "Total Demand 1": 71464.0, "Desired Acc. to Total Demand ratio 1": 0.018890630247397292, "Desired Accumulation 2": 1523.1626734573224, "Total Demand 2": 84896.0, "Desired Acc. to Total Demand ratio 2": 0.017941512832846333, "Desired Accumulation 3": 918.0, "Total Demand 3": 55516.0, "Desired Acc. to Total Demand ratio 3": 0.016535773470711147, "Desired Accumulation 4": 1009.0, "Total Demand 4": 54232.0, "Desired Acc. to Total Demand ratio 4": 0.01860525151202242, "Desired Accumulation 5": 1001.0, "Total Demand 5": 65728.0, "Desired Acc. to Total Demand ratio 5": 0.015229430379746835, "Desired Accumulation 6": 368.0, "Total Demand 6": 25024.0, "Desired Acc. to Total Demand ratio 6": 0.014705882352941176, "Desired Accumulation 7": 600.0, "Total Demand 7": 27768.0, "Desired Acc. to Total Demand ratio 7": 0.021607605877268798, "Desired Accumulation 8": 386.0, "Total Demand 8": 21648.0, "Desired Acc. to Total Demand ratio 8": 0.017830746489283074, "Desired Accumulation 9": 461.0, "Total Demand 9": 27812.0, "Desired Acc. to Total Demand ratio 9": 0.016575578886811448, "AVG Reward ": 614227.0499890689, "Std Reward ": 619.0684097889587, "AVG Satisfied Demand ": 99453.25938330244, "AVG Charging Cost ": 13416.672872663563, "AVG Spatial Rebalancing Cost": 14442.725874521984, "AVG Timestep Time": 1.6268440167109173, "_wandb": {"runtime": 397}}