{"Reward": 227333.68726028778, "ServedDemand": 28431.65341917309, "Reb. Cost": 12975.248308517062, "Avg.Time": 14.489801001041494, "_timestamp": 1711452743.0316787, "_runtime": 686.6318347454071, "_step": 0, "_wandb": {"runtime": 686}}