{"Episode": 2383, "Desired Accumulation 0": 4501.534377192085, "_timestamp": 1696970202.2422569, "_runtime": 778430.8542189598, "_step": 109617, "Total Demand 0": 19612.0, "Desired Acc. to Total Demand ratio 0": 0.22952959296308817, "Desired Accumulation 1": 5692.140156424264, "Total Demand 1": 30084.0, "Desired Acc. to Total Demand ratio 1": 0.18920822219200453, "Desired Accumulation 2": 7073.770601353584, "Total Demand 2": 53432.0, "Desired Acc. to Total Demand ratio 2": 0.1323882804565351, "Desired Accumulation 3": 4233.6162495250255, "Total Demand 3": 23332.0, "Desired Acc. to Total Demand ratio 3": 0.1814510650405034, "Desired Accumulation 4": 5110.607850715738, "Total Demand 4": 39332.0, "Desired Acc. to Total Demand ratio 4": 0.129935112649134, "Desired Accumulation 5": 4190.0, "Total Demand 5": 19124.0, "Desired Acc. to Total Demand ratio 5": 0.21909642334239698, "Desired Accumulation 6": 8004.648075416478, "Total Demand 6": 6592.0, "Desired Acc. to Total Demand ratio 6": 1.2142973415376939, "Desired Accumulation 7": 4220.584875429611, "Total Demand 7": 16284.0, "Desired Acc. to Total Demand ratio 7": 0.25918600315829105, "Desired Accumulation 8": 5085.92923955801, "Total Demand 8": 8104.0, "Desired Acc. to Total Demand ratio 8": 0.6275825813867237, "Desired Accumulation 9": 4109.952999755993, "Total Demand 9": 8732.0, "Desired Acc. to Total Demand ratio 9": 0.4706771644246442, "Desired Accumulation 10": 4787.855505420144, "Total Demand 10": 14740.0, "Desired Acc. to Total Demand ratio 10": 0.3248205905983816, "Desired Accumulation 11": 5418.701526652703, "Total Demand 11": 16272.0, "Desired Acc. to Total Demand ratio 11": 0.3330077142731504, "Desired Accumulation 12": 4906.330123652378, "Total Demand 12": 21508.0, "Desired Acc. to Total Demand ratio 12": 0.22811652053433037, "Desired Accumulation 13": 4696.0, "Total Demand 13": 22620.0, "Desired Acc. to Total Demand ratio 13": 0.20760389036251106, "Desired Accumulation 14": 4482.863500880099, "Total Demand 14": 15676.0, "Desired Acc. to Total Demand ratio 14": 0.28596985843838346, "Reward": 1043030.4176403844, "Best Reward:": 1049972.964683402, "ServedDemand": 130813.5713819021, "Best Served Demand": 131841.58402780778, "Reb. Cost": 47863.75391107254, "Best Reb. Cost": 49118.63185140072, "Spatial Reb. Cost": 1236.643558055161, "Avg. Time": 3.73582960665226}