{"Episode": 60, "Desired Accumulation 0": 2984.771843615096, "_timestamp": 1694905015.15332, "_runtime": 2342.8611719608307, "_step": 959, "Total Demand 0": 3932.0, "Desired Acc. to Total Demand ratio 0": 0.7590976204514486, "Desired Accumulation 1": 2960.714116957753, "Total Demand 1": 5024.0, "Desired Acc. to Total Demand ratio 1": 0.5893141156364954, "Desired Accumulation 2": 2946.823942974669, "Total Demand 2": 3816.0, "Desired Acc. to Total Demand ratio 2": 0.7722284965866533, "Desired Accumulation 3": 2887.4345919528396, "Total Demand 3": 2736.0, "Desired Acc. to Total Demand ratio 3": 1.0553489005675583, "Desired Accumulation 4": 2885.9701567368234, "Total Demand 4": 3372.0, "Desired Acc. to Total Demand ratio 4": 0.8558630358057009, "Reward": 63813.105080112015, "Best Reward:": 76688.47736169859, "ServedDemand": 7897.099711694313, "Best Served Demand": 9712.96015060042, "Reb. Cost": 2472.556467574366, "Best Reb. Cost": 3676.082817125112, "Spatial Reb. Cost": 31.417200677674032, "Avg. Time": 0.5102109064658483, "_wandb": {"runtime": 2361}}