{"Episode": 7, "Desired Accumulation 0": 55773.90913591045, "_timestamp": 1694482684.3212337, "_runtime": 93.35075378417969, "_step": 111, "Total Demand 0": 601820.0, "Desired Acc. to Total Demand ratio 0": 0.09267539984698157, "Desired Accumulation 1": 53899.50889531954, "Total Demand 1": 526630.0, "Desired Acc. to Total Demand ratio 1": 0.10234796516590308, "Desired Accumulation 2": 57830.754448348336, "Total Demand 2": 596908.0, "Desired Acc. to Total Demand ratio 2": 0.09688386560131265, "Desired Accumulation 3": 54880.90913992122, "Total Demand 3": 481980.0, "Desired Acc. to Total Demand ratio 3": 0.11386553205510855, "Desired Accumulation 4": 59243.75445758394, "Total Demand 4": 558668.0, "Desired Acc. to Total Demand ratio 4": 0.10604465345712291, "Reward": 2663566.0088933976, "Best Reward:": 2663566.0088933976, "ServedDemand": 333971.1639229166, "Best Served Demand": 333971.1639229166, "Reb. Cost": 53272.34723483274, "Best Reb. Cost": 53272.34723483274, "Spatial Reb. Cost": 3043.9775999999997, "_wandb": {"runtime": 96}}