{"Episode": 76, "Desired Accumulation 0": 11437.032605203136, "_timestamp": 1694902563.1715126, "_runtime": 3042.6357395648956, "_step": 1215, "Total Demand 0": 11140.0, "Desired Acc. to Total Demand ratio 0": 1.0266636090846621, "Desired Accumulation 1": 11863.835249992308, "Total Demand 1": 6476.0, "Desired Acc. to Total Demand ratio 1": 1.8319696185905354, "Desired Accumulation 2": 10782.866403055205, "Total Demand 2": 10720.0, "Desired Acc. to Total Demand ratio 2": 1.005864403270075, "Desired Accumulation 3": 11625.158992661756, "Total Demand 3": 10944.0, "Desired Acc. to Total Demand ratio 3": 1.0622404050312277, "Desired Accumulation 4": 12082.809189756725, "Total Demand 4": 13856.0, "Desired Acc. to Total Demand ratio 4": 0.8720272221244749, "Reward": 211917.59063375174, "Best Reward:": 214943.6559561017, "ServedDemand": 38024.04547546779, "Best Served Demand": 38417.382109260514, "Reb. Cost": 17337.20435294727, "Best Reb. Cost": 16752.441701178293, "Spatial Reb. Cost": 327.85256630530273, "Avg. Time": 0.5260083427031835, "_wandb": {"runtime": 3054}}