{"Episode": 7, "Desired Accumulation 0": 53641.00000903759, "_timestamp": 1694477576.6185303, "_runtime": 87.58138418197632, "_step": 111, "Total Demand 0": 601820.0, "Desired Acc. to Total Demand ratio 0": 0.0891313017331388, "Desired Accumulation 1": 58868.000000875894, "Total Demand 1": 526630.0, "Desired Acc. to Total Demand ratio 1": 0.11178246586954009, "Desired Accumulation 2": 58322.00001245708, "Total Demand 2": 596908.0, "Desired Acc. to Total Demand ratio 2": 0.09770684931757839, "Desired Accumulation 3": 52635.99999970446, "Total Demand 3": 481980.0, "Desired Acc. to Total Demand ratio 3": 0.10920785094755894, "Desired Accumulation 4": 56957.99999977689, "Total Demand 4": 558668.0, "Desired Acc. to Total Demand ratio 4": 0.10195321729502475, "Reward": 2669258.91746899, "Best Reward:": 2729593.0289490125, "ServedDemand": 335174.999978148, "Best Served Demand": 342403.99999873317, "Reb. Cost": 50463.98880018025, "Best Reb. Cost": 54504.05088139765, "Spatial Reb. Cost": 2244.5843999999997, "_wandb": {"runtime": 91}}