{"Episode": 154, "Desired Accumulation 0": 7142.880260783987, "_timestamp": 1698180733.3135118, "_runtime": 81419.84903883934, "_step": 4773, "Total Demand 0": 16640.0, "Desired Acc. to Total Demand ratio 0": 0.42925963105673, "Desired Accumulation 1": 6374.531996561333, "Total Demand 1": 25096.0, "Desired Acc. to Total Demand ratio 1": 0.2540058972171395, "Desired Accumulation 2": 8018.2839845966955, "Total Demand 2": 26176.0, "Desired Acc. to Total Demand ratio 2": 0.3063219737391769, "Desired Accumulation 3": 5723.929965908524, "Total Demand 3": 13992.0, "Desired Acc. to Total Demand ratio 3": 0.4090859037956349, "Desired Accumulation 4": 4812.0, "Total Demand 4": 13976.0, "Desired Acc. to Total Demand ratio 4": 0.34430452203777906, "Desired Accumulation 5": 5610.834999402807, "Total Demand 5": 19760.0, "Desired Acc. to Total Demand ratio 5": 0.283949139645891, "Desired Accumulation 6": 5729.01172267256, "Total Demand 6": 8576.0, "Desired Acc. to Total Demand ratio 6": 0.6680284191549161, "Desired Accumulation 7": 5558.176999291999, "Total Demand 7": 14864.0, "Desired Acc. to Total Demand ratio 7": 0.37393548165312157, "Desired Accumulation 8": 4615.156956725001, "Total Demand 8": 10660.0, "Desired Acc. to Total Demand ratio 8": 0.43294155316369615, "Desired Accumulation 9": 5482.861497920632, "Total Demand 9": 18776.0, "Desired Acc. to Total Demand ratio 9": 0.2920143533191645, "Reward": 477658.8668091733, "Best Reward:": 518379.6475663134, "ServedDemand": 57901.3675586237, "Best Served Demand": 63301.12806063673, "Reb. Cost": 22350.494302899166, "Best Reb. Cost": 23828.99806346102, "Spatial Reb. Cost": 630.7007034456653, "Avg. Time": 1.5879961997270584, "_wandb": {"runtime": 81504}}