{"Episode": 5, "Desired Accumulation 0": 109.10388250450383, "_timestamp": 1711460637.832719, "_runtime": 461.02309703826904, "_step": 150, "Total Demand 0": 5084.0, "Desired Acc. to Total Demand ratio 0": 0.021460244395063697, "Desired Accumulation 1": 43.0, "Total Demand 1": 6760.0, "Desired Acc. to Total Demand ratio 1": 0.00636094674556213, "Desired Accumulation 2": 43.0, "Total Demand 2": 4708.0, "Desired Acc. to Total Demand ratio 2": 0.00913338997451147, "Desired Accumulation 3": 43.0, "Total Demand 3": 2932.0, "Desired Acc. to Total Demand ratio 3": 0.014665757162346521, "Desired Accumulation 4": 43.0, "Total Demand 4": 3836.0, "Desired Acc. to Total Demand ratio 4": 0.011209593326381648, "Desired Accumulation 5": 43.0, "Total Demand 5": 5116.0, "Desired Acc. to Total Demand ratio 5": 0.008405003909304144, "Desired Accumulation 6": 43.0, "Total Demand 6": 8040.0, "Desired Acc. to Total Demand ratio 6": 0.005348258706467662, "Desired Accumulation 7": 43.0, "Total Demand 7": 9060.0, "Desired Acc. to Total Demand ratio 7": 0.004746136865342163, "Desired Accumulation 8": 43.0, "Total Demand 8": 9140.0, "Desired Acc. to Total Demand ratio 8": 0.004704595185995623, "Desired Accumulation 9": 43.0, "Total Demand 9": 3624.0, "Desired Acc. to Total Demand ratio 9": 0.011865342163355408, "AVG Reward ": NaN, "Std Reward ": NaN, "AVG Satisfied Demand ": 7162.769269446612, "AVG Charging Cost ": 506.5700711934424, "AVG Spatial Rebalancing Cost": 620.3370565292518, "AVG Timestep Time": 1.8868008583784104, "_wandb": {"runtime": 460}}