{"Episode": 1, "Desired Accumulation 0": 3727.4019553458, "_timestamp": 1694507247.5373647, "_runtime": 53.1131796836853, "_step": 30, "Total Demand 0": 5090.0, "Desired Acc. to Total Demand ratio 0": 0.7322990089088016, "Desired Accumulation 1": 3727.6735200337016, "Total Demand 1": 6778.0, "Desired Acc. to Total Demand ratio 1": 0.5499665860185455, "Desired Accumulation 2": 3282.7539039500107, "Total Demand 2": 4702.0, "Desired Acc. to Total Demand ratio 2": 0.6981611875691218, "Desired Accumulation 3": 3315.848176628667, "Total Demand 3": 2970.0, "Desired Acc. to Total Demand ratio 3": 1.1164471975180696, "Desired Accumulation 4": 3842.364325647081, "Total Demand 4": 3842.0, "Desired Acc. to Total Demand ratio 4": 1.0000948270814891, "Desired Accumulation 5": 3349.462132888195, "Total Demand 5": 5116.0, "Desired Acc. to Total Demand ratio 5": 0.6547033097904994, "Desired Accumulation 6": 3125.0, "Total Demand 6": 8046.0, "Desired Acc. to Total Demand ratio 6": 0.38839174745215016, "Desired Accumulation 7": 3323.149024791919, "Total Demand 7": 9066.0, "Desired Acc. to Total Demand ratio 7": 0.36655074175953223, "Desired Accumulation 8": 3383.6918455280706, "Total Demand 8": 9146.0, "Desired Acc. to Total Demand ratio 8": 0.36996412043823207, "Desired Accumulation 9": 4070.2385471092603, "Total Demand 9": 3658.0, "Desired Acc. to Total Demand ratio 9": 1.1126950648193714, "Reward": 274524.682989209, "Best Reward:": 274524.682989209, "ServedDemand": 33241.416568078435, "Best Served Demand": 33241.416568078435, "Reb. Cost": 12743.30267065979, "Best Reb. Cost": 12743.30267065979, "Spatial Reb. Cost": 381.2333829939917, "_wandb": {"runtime": 112}}