{"Episode": 259, "Desired Accumulation 0": 2299.9744981365848, "_timestamp": 1698793290.8270092, "_runtime": 70220.41108417511, "_step": 8028, "Total Demand 0": 5084.0, "Desired Acc. to Total Demand ratio 0": 0.4523946691850088, "Desired Accumulation 1": 1560.0, "Total Demand 1": 6760.0, "Desired Acc. to Total Demand ratio 1": 0.23076923076923078, "Desired Accumulation 2": 1413.3564975300653, "Total Demand 2": 4708.0, "Desired Acc. to Total Demand ratio 2": 0.30020316430120336, "Desired Accumulation 3": 2020.7249853258559, "Total Demand 3": 2932.0, "Desired Acc. to Total Demand ratio 3": 0.6891967889924474, "Desired Accumulation 4": 1463.0, "Total Demand 4": 3836.0, "Desired Acc. to Total Demand ratio 4": 0.3813868613138686, "Desired Accumulation 5": 2417.9479966256804, "Total Demand 5": 5116.0, "Desired Acc. to Total Demand ratio 5": 0.47262470614262714, "Desired Accumulation 6": 4065.898001894093, "Total Demand 6": 8040.0, "Desired Acc. to Total Demand ratio 6": 0.5057087067032454, "Desired Accumulation 7": 4010.260004812191, "Total Demand 7": 9060.0, "Desired Acc. to Total Demand ratio 7": 0.4426335546150321, "Desired Accumulation 8": 4919.684498048959, "Total Demand 8": 9140.0, "Desired Acc. to Total Demand ratio 8": 0.5382586978171727, "Desired Accumulation 9": 3877.905005274917, "Total Demand 9": 3624.0, "Desired Acc. to Total Demand ratio 9": 1.0700620875482663, "Reward": 163694.29360648774, "Best Reward:": 200701.11129721685, "ServedDemand": 18822.55901655575, "Best Served Demand": 23334.467462086253, "Reb. Cost": 9898.087297427317, "Best Reb. Cost": 13405.648090139803, "Spatial Reb. Cost": 811.2618000533079, "Avg. Time": 1.5892052054405212}