{"Reward": 183828.8912947302, "ServedDemand": 17864.78333416701, "Reb. Cost": 0, "Avg.Time": 26.977358236908913, "_timestamp": 1711465125.6398823, "_runtime": 1302.2548854351044, "_step": 0, "_wandb": {"runtime": 1301}}