{"Episode": 5, "Desired Accumulation 0": 42.00578472761086, "_timestamp": 1711476805.4594011, "_runtime": 1041.2799310684204, "_step": 225, "Total Demand 0": 6172.0, "Desired Acc. to Total Demand ratio 0": 0.006805862723203315, "Desired Accumulation 1": 121.84859918724895, "Total Demand 1": 10480.0, "Desired Acc. to Total Demand ratio 1": 0.011626774731607723, "Desired Accumulation 2": 50.0, "Total Demand 2": 6780.0, "Desired Acc. to Total Demand ratio 2": 0.007374631268436578, "Desired Accumulation 3": 21.0, "Total Demand 3": 3392.0, "Desired Acc. to Total Demand ratio 3": 0.006191037735849057, "Desired Accumulation 4": 32.0, "Total Demand 4": 5156.0, "Desired Acc. to Total Demand ratio 4": 0.0062063615205585725, "Desired Accumulation 5": 41.0, "Total Demand 5": 6088.0, "Desired Acc. to Total Demand ratio 5": 0.006734559789750329, "Desired Accumulation 6": 66.00578472761086, "Total Demand 6": 9476.0, "Desired Acc. to Total Demand ratio 6": 0.00696557458079473, "Desired Accumulation 7": 105.66647266979923, "Total Demand 7": 9776.0, "Desired Acc. to Total Demand ratio 7": 0.010808763570969644, "Desired Accumulation 8": 62.086770914162884, "Total Demand 8": 9904.0, "Desired Acc. to Total Demand ratio 8": 0.006268858129459096, "Desired Accumulation 9": 22.0, "Total Demand 9": 3840.0, "Desired Acc. to Total Demand ratio 9": 0.005729166666666666, "Desired Accumulation 10": 40.0, "Total Demand 10": 5584.0, "Desired Acc. to Total Demand ratio 10": 0.0071633237822349575, "Desired Accumulation 11": 22.0, "Total Demand 11": 3524.0, "Desired Acc. to Total Demand ratio 11": 0.006242905788876277, "Desired Accumulation 12": 22.0, "Total Demand 12": 3072.0, "Desired Acc. to Total Demand ratio 12": 0.007161458333333333, "Desired Accumulation 13": 67.0, "Total Demand 13": 9364.0, "Desired Acc. to Total Demand ratio 13": 0.007155061939342161, "Desired Accumulation 14": 62.0, "Total Demand 14": 8284.0, "Desired Acc. to Total Demand ratio 14": 0.00748430709802028, "AVG Reward ": 99268.16990890066, "Std Reward ": 628.4236372866048, "AVG Satisfied Demand ": 10775.717622384376, "AVG Charging Cost ": 2611.873851959611, "AVG Spatial Rebalancing Cost": 2834.6109120436977, "AVG Timestep Time": 4.294212595621746, "_wandb": {"runtime": 1040}}