{"Episode": 5, "Desired Accumulation 0": 74.72280016271013, "_timestamp": 1711459200.7173514, "_runtime": 456.8281593322754, "_step": 150, "Total Demand 0": 5084.0, "Desired Acc. to Total Demand ratio 0": 0.014697639685820246, "Desired Accumulation 1": 33.0, "Total Demand 1": 6760.0, "Desired Acc. to Total Demand ratio 1": 0.004881656804733727, "Desired Accumulation 2": 33.0, "Total Demand 2": 4708.0, "Desired Acc. to Total Demand ratio 2": 0.007009345794392523, "Desired Accumulation 3": 33.0, "Total Demand 3": 2932.0, "Desired Acc. to Total Demand ratio 3": 0.011255115961800819, "Desired Accumulation 4": 33.0, "Total Demand 4": 3836.0, "Desired Acc. to Total Demand ratio 4": 0.008602711157455683, "Desired Accumulation 5": 33.0, "Total Demand 5": 5116.0, "Desired Acc. to Total Demand ratio 5": 0.006450351837372948, "Desired Accumulation 6": 33.0, "Total Demand 6": 8040.0, "Desired Acc. to Total Demand ratio 6": 0.004104477611940298, "Desired Accumulation 7": 33.0, "Total Demand 7": 9060.0, "Desired Acc. to Total Demand ratio 7": 0.003642384105960265, "Desired Accumulation 8": 33.0, "Total Demand 8": 9140.0, "Desired Acc. to Total Demand ratio 8": 0.003610503282275711, "Desired Accumulation 9": 33.0, "Total Demand 9": 3624.0, "Desired Acc. to Total Demand ratio 9": 0.009105960264900662, "AVG Reward ": 54885.0658544406, "Std Reward ": 514.396103241574, "AVG Satisfied Demand ": 5838.629110824875, "AVG Charging Cost ": 1503.0663278209338, "AVG Spatial Rebalancing Cost": 1603.6417407877968, "AVG Timestep Time": 1.869164858261744, "_wandb": {"runtime": 456}}