{"Episode": 1, "Desired Accumulation 0": 5789.344665716997, "_timestamp": 1697775104.5092528, "_runtime": 269.27047872543335, "_step": 45, "Total Demand 0": 6172.0, "Desired Acc. to Total Demand ratio 0": 0.9380014040371025, "Desired Accumulation 1": 5003.037169518311, "Total Demand 1": 10480.0, "Desired Acc. to Total Demand ratio 1": 0.47738904289296863, "Desired Accumulation 2": 5426.96201077435, "Total Demand 2": 6780.0, "Desired Acc. to Total Demand ratio 2": 0.8004368747454794, "Desired Accumulation 3": 5384.177462425627, "Total Demand 3": 3392.0, "Desired Acc. to Total Demand ratio 3": 1.5873164688754795, "Desired Accumulation 4": 4930.0, "Total Demand 4": 5156.0, "Desired Acc. to Total Demand ratio 4": 0.956167571761055, "Desired Accumulation 5": 5277.860400834139, "Total Demand 5": 6088.0, "Desired Acc. to Total Demand ratio 5": 0.8669284495456865, "Desired Accumulation 6": 6122.002687149688, "Total Demand 6": 9476.0, "Desired Acc. to Total Demand ratio 6": 0.6460534705729937, "Desired Accumulation 7": 4879.350597294922, "Total Demand 7": 9776.0, "Desired Acc. to Total Demand ratio 7": 0.4991152411308227, "Desired Accumulation 8": 5350.534915462514, "Total Demand 8": 9904.0, "Desired Acc. to Total Demand ratio 8": 0.5402397935644703, "Desired Accumulation 9": 6271.660557138401, "Total Demand 9": 3840.0, "Desired Acc. to Total Demand ratio 9": 1.6332449367547919, "Desired Accumulation 10": 5549.029251651035, "Total Demand 10": 5584.0, "Desired Acc. to Total Demand ratio 10": 0.9937373301667327, "Desired Accumulation 11": 5170.1728420782365, "Total Demand 11": 3524.0, "Desired Acc. to Total Demand ratio 11": 1.467131907513688, "Desired Accumulation 12": 6049.704215577976, "Total Demand 12": 3072.0, "Desired Acc. to Total Demand ratio 12": 1.9693047576751226, "Desired Accumulation 13": 5187.766183269204, "Total Demand 13": 9364.0, "Desired Acc. to Total Demand ratio 13": 0.554011766688296, "Desired Accumulation 14": 4863.703939480883, "Total Demand 14": 8284.0, "Desired Acc. to Total Demand ratio 14": 0.5871202244665479, "Reward": 272075.6337974265, "Best Reward:": 272075.6337974265, "ServedDemand": 29662.87489997386, "Best Served Demand": 29662.87489997386, "Reb. Cost": 8819.07176490579, "Best Reb. Cost": 8819.07176490579, "Spatial Reb. Cost": 136.61916530216263, "Avg. Time": 5.572955384850502, "_wandb": {"runtime": 442}}