{"Episode": 131, "Desired Accumulation 0": 62825.00000123735, "_timestamp": 1694482916.8710227, "_runtime": 2022.5742526054382, "_step": 2095, "Total Demand 0": 601820.0, "Desired Acc. to Total Demand ratio 0": 0.1043916785770452, "Desired Accumulation 1": 57383.99999907912, "Total Demand 1": 526630.0, "Desired Acc. to Total Demand ratio 1": 0.10896454816299701, "Desired Accumulation 2": 61539.0000009355, "Total Demand 2": 596908.0, "Desired Acc. to Total Demand ratio 2": 0.10309628954702484, "Desired Accumulation 3": 54350.000002136156, "Total Demand 3": 481980.0, "Desired Acc. to Total Demand ratio 3": 0.11276401510879322, "Desired Accumulation 4": 58650.99999954336, "Total Demand 4": 558668.0, "Desired Acc. to Total Demand ratio 4": 0.10498363965636721, "Reward": 2559680.9878090797, "Best Reward:": 2725888.9564658506, "ServedDemand": 320850.99999706843, "Best Served Demand": 341305.42644433695, "Reb. Cost": 43618.71672061712, "Best Reb. Cost": 55463.43834120975, "Spatial Reb. Cost": 1839.6515999999995, "_wandb": {"runtime": 2038}}