{"Episode": 1, "Desired Accumulation 0": 3020.0, "_timestamp": 1694496602.2076614, "_runtime": 117.51783347129822, "_step": 45, "Total Demand 0": 6198.0, "Desired Acc. to Total Demand ratio 0": 0.4872539528880284, "Desired Accumulation 1": 5175.4346134531625, "Total Demand 1": 10496.0, "Desired Acc. to Total Demand ratio 1": 0.493086377043937, "Desired Accumulation 2": 3339.0, "Total Demand 2": 6786.0, "Desired Acc. to Total Demand ratio 2": 0.4920424403183024, "Desired Accumulation 3": 2751.0, "Total Demand 3": 3438.0, "Desired Acc. to Total Demand ratio 3": 0.800174520069808, "Desired Accumulation 4": 2789.1390214029543, "Total Demand 4": 5176.0, "Desired Acc. to Total Demand ratio 4": 0.5388599345832601, "Desired Accumulation 5": 3106.531355274626, "Total Demand 5": 6104.0, "Desired Acc. to Total Demand ratio 5": 0.5089337082691066, "Desired Accumulation 6": 5143.260408549429, "Total Demand 6": 9472.0, "Desired Acc. to Total Demand ratio 6": 0.5429962424566542, "Desired Accumulation 7": 4631.608841880155, "Total Demand 7": 9776.0, "Desired Acc. to Total Demand ratio 7": 0.47377340853929567, "Desired Accumulation 8": 5796.91898598761, "Total Demand 8": 9914.0, "Desired Acc. to Total Demand ratio 8": 0.5847204948545097, "Desired Accumulation 9": 2994.0, "Total Demand 9": 3882.0, "Desired Acc. to Total Demand ratio 9": 0.7712519319938176, "Desired Accumulation 10": 2995.3928546246552, "Total Demand 10": 5606.0, "Desired Acc. to Total Demand ratio 10": 0.5343190964367919, "Desired Accumulation 11": 2912.115872805879, "Total Demand 11": 3572.0, "Desired Acc. to Total Demand ratio 11": 0.8152620024652517, "Desired Accumulation 12": 3144.3335949544075, "Total Demand 12": 3130.0, "Desired Acc. to Total Demand ratio 12": 1.0045794233081173, "Desired Accumulation 13": 4150.000000066835, "Total Demand 13": 9356.0, "Desired Acc. to Total Demand ratio 13": 0.4435656263431846, "Desired Accumulation 14": 4026.722315037428, "Total Demand 14": 8300.0, "Desired Acc. to Total Demand ratio 14": 0.4851472668719793, "Reward": 525748.2313945158, "Best Reward:": 525748.2313945158, "ServedDemand": 67135.54213597083, "Best Served Demand": 67135.54213597083, "Reb. Cost": 31528.393499200898, "Best Reb. Cost": 31528.393499200898, "Spatial Reb. Cost": 1062.2429226867066, "_wandb": {"runtime": 123}}