{"Episode": 28, "Desired Accumulation 0": 3043.9940010430814, "_timestamp": 1696203054.3858514, "_runtime": 11306.215638399124, "_step": 1287, "Total Demand 0": 6172.0, "Desired Acc. to Total Demand ratio 0": 0.4931941025669283, "Desired Accumulation 1": 3438.146383441619, "Total Demand 1": 10480.0, "Desired Acc. to Total Demand ratio 1": 0.32806740300015447, "Desired Accumulation 2": 3955.0452186801786, "Total Demand 2": 6780.0, "Desired Acc. to Total Demand ratio 2": 0.5833400027551886, "Desired Accumulation 3": 4462.6853656270405, "Total Demand 3": 3392.0, "Desired Acc. to Total Demand ratio 3": 1.315650166753255, "Desired Accumulation 4": 3297.8494479039414, "Total Demand 4": 5156.0, "Desired Acc. to Total Demand ratio 4": 0.6396139348145736, "Desired Accumulation 5": 3127.682195151327, "Total Demand 5": 6088.0, "Desired Acc. to Total Demand ratio 5": 0.5137454328435163, "Desired Accumulation 6": 4594.735941090554, "Total Demand 6": 9476.0, "Desired Acc. to Total Demand ratio 6": 0.48488137833374356, "Desired Accumulation 7": 3269.675076153275, "Total Demand 7": 9776.0, "Desired Acc. to Total Demand ratio 7": 0.33445939813351827, "Desired Accumulation 8": 4831.649622195526, "Total Demand 8": 9904.0, "Desired Acc. to Total Demand ratio 8": 0.4878483059567373, "Desired Accumulation 9": 4513.986189046898, "Total Demand 9": 3840.0, "Desired Acc. to Total Demand ratio 9": 1.1755172367309632, "Desired Accumulation 10": 3545.479329085446, "Total Demand 10": 5584.0, "Desired Acc. to Total Demand ratio 10": 0.6349354099365053, "Desired Accumulation 11": 3231.0, "Total Demand 11": 3524.0, "Desired Acc. to Total Demand ratio 11": 0.9168558456299659, "Desired Accumulation 12": 4067.1629767247086, "Total Demand 12": 3072.0, "Desired Acc. to Total Demand ratio 12": 1.3239462814859078, "Desired Accumulation 13": 3524.806665920748, "Total Demand 13": 9364.0, "Desired Acc. to Total Demand ratio 13": 0.37642104505774754, "Desired Accumulation 14": 3185.0814903141018, "Total Demand 14": 8284.0, "Desired Acc. to Total Demand ratio 14": 0.38448593557630395, "Reward": 340371.8405674262, "Best Reward:": 354306.0747141191, "ServedDemand": 39081.260325298004, "Best Served Demand": 40851.62914494925, "Reb. Cost": 15461.488958551077, "Best Reb. Cost": 15604.91039182525, "Spatial Reb. Cost": 967.7946937508036, "Avg. Time": 4.857874890168508, "_wandb": {"runtime": 11538}}