{"Episode": 1, "Desired Accumulation 0": 11221.522329068024, "_timestamp": 1694738987.7638073, "_runtime": 28.86659836769104, "_step": 15, "Total Demand 0": 11140.0, "Desired Acc. to Total Demand ratio 0": 1.0073179828606844, "Desired Accumulation 1": 11948.09372185389, "Total Demand 1": 6476.0, "Desired Acc. to Total Demand ratio 1": 1.8449805005951034, "Desired Accumulation 2": 11622.5968682943, "Total Demand 2": 10720.0, "Desired Acc. to Total Demand ratio 2": 1.0841974690573042, "Desired Accumulation 3": 11382.49891094479, "Total Demand 3": 10944.0, "Desired Acc. to Total Demand ratio 3": 1.0400675174474407, "Desired Accumulation 4": 11580.081189745137, "Total Demand 4": 13856.0, "Desired Acc. to Total Demand ratio 4": 0.8357448895601283, "Reward": 211706.07082593674, "Best Reward:": 211706.07082593674, "ServedDemand": 37761.05622663395, "Best Served Demand": 37761.05622663395, "Reb. Cost": 16095.575098253385, "Best Reb. Cost": 16095.575098253385, "Spatial Reb. Cost": 361.2740625905946, "Avg. Time": 0.5909500022729238, "_wandb": {"runtime": 70}}