{"Episode": 5, "Desired Accumulation 0": 1608.010761637744, "_timestamp": 1711458724.6673825, "_runtime": 482.8638114929199, "_step": 150, "Total Demand 0": 50916.0, "Desired Acc. to Total Demand ratio 0": 0.03158163959536774, "Desired Accumulation 1": 2394.0, "Total Demand 1": 71464.0, "Desired Acc. to Total Demand ratio 1": 0.03349938430538453, "Desired Accumulation 2": 2714.992527923948, "Total Demand 2": 84896.0, "Desired Acc. to Total Demand ratio 2": 0.03198021730027266, "Desired Accumulation 3": 1703.0, "Total Demand 3": 55516.0, "Desired Acc. to Total Demand ratio 3": 0.03067584119893364, "Desired Accumulation 4": 1766.0, "Total Demand 4": 54232.0, "Desired Acc. to Total Demand ratio 4": 0.032563799970497125, "Desired Accumulation 5": 1883.0, "Total Demand 5": 65728.0, "Desired Acc. to Total Demand ratio 5": 0.028648369036027264, "Desired Accumulation 6": 675.0, "Total Demand 6": 25024.0, "Desired Acc. to Total Demand ratio 6": 0.02697410485933504, "Desired Accumulation 7": 1022.0, "Total Demand 7": 27768.0, "Desired Acc. to Total Demand ratio 7": 0.03680495534428119, "Desired Accumulation 8": 671.0, "Total Demand 8": 21648.0, "Desired Acc. to Total Demand ratio 8": 0.030995934959349592, "Desired Accumulation 9": 825.0, "Total Demand 9": 27812.0, "Desired Acc. to Total Demand ratio 9": 0.02966345462390335, "AVG Reward ": 695445.1384653666, "Std Reward ": 1238.3584522902445, "AVG Satisfied Demand ": 111693.24222881987, "AVG Charging Cost ": 4623.765826745899, "AVG Spatial Rebalancing Cost": 6021.515114474753, "AVG Timestep Time": 1.9778880963722867, "_wandb": {"runtime": 482}}