{"Episode": 5, "Desired Accumulation 0": 1121.2873296438522, "_timestamp": 1694480461.8362734, "_runtime": 71.98224949836731, "_step": 79, "Total Demand 0": 3934.0, "Desired Acc. to Total Demand ratio 0": 0.28502474063138084, "Desired Accumulation 1": 1209.6429965107832, "Total Demand 1": 5040.0, "Desired Acc. to Total Demand ratio 1": 0.24000853105372683, "Desired Accumulation 2": 1017.1511099147916, "Total Demand 2": 3804.0, "Desired Acc. to Total Demand ratio 2": 0.26738988168107036, "Desired Accumulation 3": 938.8335567725322, "Total Demand 3": 2748.0, "Desired Acc. to Total Demand ratio 3": 0.3416424879084906, "Desired Accumulation 4": 1164.5823643253623, "Total Demand 4": 3372.0, "Desired Acc. to Total Demand ratio 4": 0.3453684354464301, "Reward": 80767.55889847511, "Best Reward:": 81552.36463631647, "ServedDemand": 10508.50264283268, "Best Served Demand": 10574.087337979763, "Reb. Cost": 4455.522600459518, "Best Reb. Cost": 4307.276782903693, "Spatial Reb. Cost": 192.2615031515805, "_wandb": {"runtime": 75}}