{"Episode": 1220, "Desired Accumulation 0": 2851.555429209304, "_timestamp": 1694955541.2085257, "_runtime": 50425.6877117157, "_step": 19519, "Total Demand 0": 3932.0, "Desired Acc. to Total Demand ratio 0": 0.7252175557500773, "Desired Accumulation 1": 5313.970253115988, "Total Demand 1": 5024.0, "Desired Acc. to Total Demand ratio 1": 1.0577170089800931, "Desired Accumulation 2": 2977.1137124886945, "Total Demand 2": 3816.0, "Desired Acc. to Total Demand ratio 2": 0.7801660672140185, "Desired Accumulation 3": 3192.347435265243, "Total Demand 3": 2736.0, "Desired Acc. to Total Demand ratio 3": 1.1667936532402203, "Desired Accumulation 4": 2777.642395722984, "Total Demand 4": 3372.0, "Desired Acc. to Total Demand ratio 4": 0.8237373652796512, "Reward": 45490.449648248956, "Best Reward:": 83741.52447978382, "ServedDemand": 5517.782320354373, "Best Served Demand": 10746.596820206825, "Reb. Cost": 1090.8704658172367, "Best Reb. Cost": 4259.479829959637, "Spatial Reb. Cost": 3.4908, "Avg. Time": 0.5538038263718287, "_wandb": {"runtime": 50456}}