{"Episode": 5, "Desired Accumulation 0": 927.0033697803309, "_timestamp": 1711470348.0282145, "_runtime": 1086.5135724544525, "_step": 225, "Total Demand 0": 59292.0, "Desired Acc. to Total Demand ratio 0": 0.015634543779604854, "Desired Accumulation 1": 1484.0, "Total Demand 1": 83868.0, "Desired Acc. to Total Demand ratio 1": 0.01769447226594172, "Desired Accumulation 2": 1709.5714142602994, "Total Demand 2": 95352.0, "Desired Acc. to Total Demand ratio 2": 0.01792905669792243, "Desired Accumulation 3": 988.0, "Total Demand 3": 63720.0, "Desired Acc. to Total Demand ratio 3": 0.015505335844318895, "Desired Accumulation 4": 1030.0, "Total Demand 4": 60796.0, "Desired Acc. to Total Demand ratio 4": 0.016941904072636356, "Desired Accumulation 5": 1228.0, "Total Demand 5": 79920.0, "Desired Acc. to Total Demand ratio 5": 0.015365365365365365, "Desired Accumulation 6": 423.0, "Total Demand 6": 30064.0, "Desired Acc. to Total Demand ratio 6": 0.01406998403406067, "Desired Accumulation 7": 657.0, "Total Demand 7": 34128.0, "Desired Acc. to Total Demand ratio 7": 0.019251054852320676, "Desired Accumulation 8": 469.0, "Total Demand 8": 28424.0, "Desired Acc. to Total Demand ratio 8": 0.016500140726146917, "Desired Accumulation 9": 652.0, "Total Demand 9": 42768.0, "Desired Acc. to Total Demand ratio 9": 0.0152450430228208, "Desired Accumulation 10": 1012.0, "Total Demand 10": 71548.0, "Desired Acc. to Total Demand ratio 10": 0.014144350645720356, "Desired Accumulation 11": 417.0, "Total Demand 11": 23028.0, "Desired Acc. to Total Demand ratio 11": 0.018108389786347056, "Desired Accumulation 12": 791.0, "Total Demand 12": 47512.0, "Desired Acc. to Total Demand ratio 12": 0.01664842566088567, "Desired Accumulation 13": 406.0, "Total Demand 13": 28196.0, "Desired Acc. to Total Demand ratio 13": 0.014399205561072492, "Desired Accumulation 14": 281.0, "Total Demand 14": 16120.0, "Desired Acc. to Total Demand ratio 14": 0.017431761786600497, "AVG Reward ": 1134816.350453253, "Std Reward ": 1450.3529569876184, "AVG Satisfied Demand ": 153985.6554389777, "AVG Charging Cost ": 7139.318813346053, "AVG Spatial Rebalancing Cost": 9368.218583326236, "AVG Timestep Time": 4.481629406412442, "_wandb": {"runtime": 1086}}