{"Episode": 1311, "Desired Accumulation 0": 38801.000009729105, "_timestamp": 1694476319.5734308, "_runtime": 19962.417435884476, "_step": 20975, "Total Demand 0": 601820.0, "Desired Acc. to Total Demand ratio 0": 0.06447276595947145, "Desired Accumulation 1": 44836.0, "Total Demand 1": 526630.0, "Desired Acc. to Total Demand ratio 1": 0.0851375728689972, "Desired Accumulation 2": 65647.99998859507, "Total Demand 2": 596908.0, "Desired Acc. to Total Demand ratio 2": 0.109980097416344, "Desired Accumulation 3": 59312.00000980112, "Total Demand 3": 481980.0, "Desired Acc. to Total Demand ratio 3": 0.123059048113617, "Desired Accumulation 4": 39131.00000112563, "Total Demand 4": 558668.0, "Desired Acc. to Total Demand ratio 4": 0.07004338891994105, "Reward": 2923311.3298270116, "Best Reward:": 2923991.8533077925, "ServedDemand": 367871.9999907492, "Best Served Demand": 366868.0997922707, "Reb. Cost": 67254.73272108778, "Best Reb. Cost": 68208.02983789405, "Spatial Reb. Cost": 3323.2416000330504, "_wandb": {"runtime": 19976}}