{"Episode": 664, "Desired Accumulation 0": 4826.405186072164, "_timestamp": 1694571692.0080519, "_runtime": 88721.287514925, "_step": 30543, "Total Demand 0": 6198.0, "Desired Acc. to Total Demand ratio 0": 0.7787036440903782, "Desired Accumulation 1": 4145.0, "Total Demand 1": 10496.0, "Desired Acc. to Total Demand ratio 1": 0.3949123475609756, "Desired Accumulation 2": 4144.696397472353, "Total Demand 2": 6786.0, "Desired Acc. to Total Demand ratio 2": 0.6107716471370989, "Desired Accumulation 3": 4429.86424431462, "Total Demand 3": 3438.0, "Desired Acc. to Total Demand ratio 3": 1.2885003619297906, "Desired Accumulation 4": 4305.74786796499, "Total Demand 4": 5176.0, "Desired Acc. to Total Demand ratio 4": 0.8318678261137925, "Desired Accumulation 5": 4612.367846734531, "Total Demand 5": 6104.0, "Desired Acc. to Total Demand ratio 5": 0.7556303811819349, "Desired Accumulation 6": 4173.470309648542, "Total Demand 6": 9472.0, "Desired Acc. to Total Demand ratio 6": 0.4406113080287734, "Desired Accumulation 7": 4634.261654466292, "Total Demand 7": 9776.0, "Desired Acc. to Total Demand ratio 7": 0.47404476825555364, "Desired Accumulation 8": 4422.447862247784, "Total Demand 8": 9914.0, "Desired Acc. to Total Demand ratio 8": 0.4460810835432503, "Desired Accumulation 9": 4460.852162808127, "Total Demand 9": 3882.0, "Desired Acc. to Total Demand ratio 9": 1.1491118399814857, "Desired Accumulation 10": 4479.000001240925, "Total Demand 10": 5606.0, "Desired Acc. to Total Demand ratio 10": 0.7989653944418346, "Desired Accumulation 11": 3841.0, "Total Demand 11": 3572.0, "Desired Acc. to Total Demand ratio 11": 1.0753079507278835, "Desired Accumulation 12": 4077.0, "Total Demand 12": 3130.0, "Desired Acc. to Total Demand ratio 12": 1.302555910543131, "Desired Accumulation 13": 4159.722378898567, "Total Demand 13": 9356.0, "Desired Acc. to Total Demand ratio 13": 0.44460478611570825, "Desired Accumulation 14": 4342.713809211824, "Total Demand 14": 8300.0, "Desired Acc. to Total Demand ratio 14": 0.5232185312303402, "Reward": 474664.3163514228, "Best Reward:": 501901.8439609324, "ServedDemand": 58057.450278939155, "Best Served Demand": 62365.873824078684, "Reb. Cost": 21763.099424742544, "Best Reb. Cost": 23599.85502053282, "Spatial Reb. Cost": 735.5731796583095, "_wandb": {"runtime": 88814}}