{"Episode": 1, "Desired Accumulation 0": 4319.18735793972, "_timestamp": 1694504863.1111076, "_runtime": 118.14683365821838, "_step": 45, "Total Demand 0": 6198.0, "Desired Acc. to Total Demand ratio 0": 0.6968679183510358, "Desired Accumulation 1": 3962.2953158232144, "Total Demand 1": 10496.0, "Desired Acc. to Total Demand ratio 1": 0.37750527018132757, "Desired Accumulation 2": 3783.0, "Total Demand 2": 6786.0, "Desired Acc. to Total Demand ratio 2": 0.5574712643678161, "Desired Accumulation 3": 4310.485189853389, "Total Demand 3": 3438.0, "Desired Acc. to Total Demand ratio 3": 1.2537769603994733, "Desired Accumulation 4": 4412.064614295511, "Total Demand 4": 5176.0, "Desired Acc. to Total Demand ratio 4": 0.8524081557757942, "Desired Accumulation 5": 4363.0, "Total Demand 5": 6104.0, "Desired Acc. to Total Demand ratio 5": 0.7147771952817824, "Desired Accumulation 6": 4288.800518462429, "Total Demand 6": 9472.0, "Desired Acc. to Total Demand ratio 6": 0.4527872168984828, "Desired Accumulation 7": 4965.900026193868, "Total Demand 7": 9776.0, "Desired Acc. to Total Demand ratio 7": 0.5079684969510913, "Desired Accumulation 8": 4634.57490065508, "Total Demand 8": 9914.0, "Desired Acc. to Total Demand ratio 8": 0.46747779913809556, "Desired Accumulation 9": 4364.0010464932875, "Total Demand 9": 3882.0, "Desired Acc. to Total Demand ratio 9": 1.1241630722548397, "Desired Accumulation 10": 4562.874999419662, "Total Demand 10": 5606.0, "Desired Acc. to Total Demand ratio 10": 0.8139270423509922, "Desired Accumulation 11": 4346.730100306276, "Total Demand 11": 3572.0, "Desired Acc. to Total Demand ratio 11": 1.2168897257296405, "Desired Accumulation 12": 4662.94282287543, "Total Demand 12": 3130.0, "Desired Acc. to Total Demand ratio 12": 1.4897580903755365, "Desired Accumulation 13": 4362.999999999898, "Total Demand 13": 9356.0, "Desired Acc. to Total Demand ratio 13": 0.46633176571183177, "Desired Accumulation 14": 3745.0, "Total Demand 14": 8300.0, "Desired Acc. to Total Demand ratio 14": 0.4512048192771084, "Reward": 475394.579075262, "Best Reward:": 475394.579075262, "ServedDemand": 58026.75365408446, "Best Served Demand": 58026.75365408446, "Reb. Cost": 20959.154807610157, "Best Reb. Cost": 20959.154807610157, "Spatial Reb. Cost": 691.4013738730645, "_wandb": {"runtime": 121}}