{"Episode": 1, "Desired Accumulation 0": 2500.6628435641637, "_timestamp": 1695870440.6880605, "_runtime": 25.74135446548462, "_step": 15, "Total Demand 0": 3932.0, "Desired Acc. to Total Demand ratio 0": 0.6359773254232359, "Desired Accumulation 1": 2298.9141067138, "Total Demand 1": 5024.0, "Desired Acc. to Total Demand ratio 1": 0.4575864065911226, "Desired Accumulation 2": 2814.6456960801224, "Total Demand 2": 3816.0, "Desired Acc. to Total Demand ratio 2": 0.737590591215965, "Desired Accumulation 3": 2269.8809002262115, "Total Demand 3": 2736.0, "Desired Acc. to Total Demand ratio 3": 0.8296348319540247, "Desired Accumulation 4": 2432.8867845271475, "Total Demand 4": 3372.0, "Desired Acc. to Total Demand ratio 4": 0.7214966739404352, "Reward": 47420.517343274194, "Best Reward:": 47420.517343274194, "ServedDemand": 5709.582555665635, "Best Served Demand": 5709.582555665635, "Reb. Cost": 1448.607717441433, "Best Reb. Cost": 1448.607717441433, "Spatial Reb. Cost": 13.9632, "Avg. Time": 0.5234005798896154, "_wandb": {"runtime": 27}}