{"Episode": 1, "Desired Accumulation 0": 1998.7057671877662, "_timestamp": 1695757766.9645195, "_runtime": 24.483840465545654, "_step": 15, "Total Demand 0": 3932.0, "Desired Acc. to Total Demand ratio 0": 0.5083178451647422, "Desired Accumulation 1": 2000.3363664877124, "Total Demand 1": 5024.0, "Desired Acc. to Total Demand ratio 1": 0.398156123902809, "Desired Accumulation 2": 1753.035150859173, "Total Demand 2": 3816.0, "Desired Acc. to Total Demand ratio 2": 0.4593907628037665, "Desired Accumulation 3": 1969.26178660618, "Total Demand 3": 2736.0, "Desired Acc. to Total Demand ratio 3": 0.7197594249291593, "Desired Accumulation 4": 2005.0087404299857, "Total Demand 4": 3372.0, "Desired Acc. to Total Demand ratio 4": 0.5946052017882519, "Reward": 32090.628581996556, "Best Reward:": 32090.628581996556, "ServedDemand": 3751.5337407908255, "Best Served Demand": 3751.5337407908255, "Reb. Cost": 777.6987965615658, "Best Reb. Cost": 777.6987965615658, "Spatial Reb. Cost": 3.4908, "Avg. Time": 0.4998227705558141, "_wandb": {"runtime": 45}}