{"Episode": 3, "Desired Accumulation 0": 8149.099957038285, "_timestamp": 1695227720.6761951, "_runtime": 108.8431282043457, "_step": 47, "Total Demand 0": 11140.0, "Desired Acc. to Total Demand ratio 0": 0.7315170517987688, "Desired Accumulation 1": 7374.0861753199915, "Total Demand 1": 6476.0, "Desired Acc. to Total Demand ratio 1": 1.1386791499876454, "Desired Accumulation 2": 7697.406006398968, "Total Demand 2": 10720.0, "Desired Acc. to Total Demand ratio 2": 0.7180416050745306, "Desired Accumulation 3": 7263.09637122536, "Total Demand 3": 10944.0, "Desired Acc. to Total Demand ratio 3": 0.6636601216397441, "Desired Accumulation 4": 8069.486298770453, "Total Demand 4": 13856.0, "Desired Acc. to Total Demand ratio 4": 0.5823820943108006, "Reward": 144458.07005992648, "Best Reward:": 144458.07005992648, "ServedDemand": 24325.644632338364, "Best Served Demand": 24325.644632338364, "Reb. Cost": 5408.67552585766, "Best Reb. Cost": 5408.67552585766, "Spatial Reb. Cost": 69.49756622117152, "Avg. Time": 0.5551988581816355, "_wandb": {"runtime": 131}}