{"Reward": 24489.750936406366, "ServedDemand": 2950.6975142241013, "Reb. Cost": 0, "Avg.Time": 1.9663835217555363, "_timestamp": 1711477058.7415376, "_runtime": 99.6891405582428, "_step": 0, "_wandb": {"runtime": 99}}