{"Reward": 60255.31248433706, "ServedDemand": 6103.066536802815, "Reb. Cost": 0, "Avg.Time": 7.374075477321942, "_timestamp": 1711453121.4068637, "_runtime": 359.3447217941284, "_step": 0, "_wandb": {"runtime": 359}}