{"Episode": 3, "Desired Accumulation 0": 1145.9046504909174, "_timestamp": 1694507577.2437606, "_runtime": 53.078176498413086, "_step": 47, "Total Demand 0": 4206.0, "Desired Acc. to Total Demand ratio 0": 0.2724452331171939, "Desired Accumulation 1": 1153.749337210367, "Total Demand 1": 3700.0, "Desired Acc. to Total Demand ratio 1": 0.3118241451919911, "Desired Accumulation 2": 1071.8703345571776, "Total Demand 2": 1848.0, "Desired Acc. to Total Demand ratio 2": 0.5800164148036675, "Desired Accumulation 3": 1016.7359001318068, "Total Demand 3": 2348.0, "Desired Acc. to Total Demand ratio 3": 0.4330221039743641, "Desired Accumulation 4": 1300.6540750764934, "Total Demand 4": 1694.0, "Desired Acc. to Total Demand ratio 4": 0.7678005165740811, "Reward": 31438.965354295946, "Best Reward:": 33936.14359337173, "ServedDemand": 5711.085702533235, "Best Served Demand": 6176.810553504356, "Reb. Cost": 909.9944139620144, "Best Reb. Cost": 1077.9695394180503, "Spatial Reb. Cost": 45.108949998333564, "_wandb": {"runtime": 65}}