{"Episode": 5, "Desired Accumulation 0": 1943.0686412406487, "_timestamp": 1695877658.587598, "_runtime": 164.37185096740723, "_step": 79, "Total Demand 0": 8796.0, "Desired Acc. to Total Demand ratio 0": 0.2209036654434571, "Desired Accumulation 1": 2185.7811307134207, "Total Demand 1": 5472.0, "Desired Acc. to Total Demand ratio 1": 0.3994483060514292, "Desired Accumulation 2": 2304.942291376875, "Total Demand 2": 1868.0, "Desired Acc. to Total Demand ratio 2": 1.2339091495593548, "Desired Accumulation 3": 2345.11247519701, "Total Demand 3": 1460.0, "Desired Acc. to Total Demand ratio 3": 1.6062414213678151, "Desired Accumulation 4": 2390.662807563487, "Total Demand 4": 1472.0, "Desired Acc. to Total Demand ratio 4": 1.624091581225195, "Reward": 36581.41866553999, "Best Reward:": 36581.41866553999, "ServedDemand": 6044.836111657852, "Best Served Demand": 6044.836111657852, "Reb. Cost": 1160.311799230878, "Best Reb. Cost": 1160.311799230878, "Spatial Reb. Cost": 17.333401636928482, "Avg. Time": 0.5756331235170364, "_wandb": {"runtime": 168}}