{"Episode": 80, "Desired Accumulation 0": 55724.99999931002, "_timestamp": 1694480273.1124377, "_runtime": 1187.7225258350372, "_step": 1279, "Total Demand 0": 601820.0, "Desired Acc. to Total Demand ratio 0": 0.092594131134409, "Desired Accumulation 1": 55438.000000224914, "Total Demand 1": 526630.0, "Desired Acc. to Total Demand ratio 1": 0.10526935419597235, "Desired Accumulation 2": 56705.28318527495, "Total Demand 2": 596908.0, "Desired Acc. to Total Demand ratio 2": 0.09499836354224596, "Desired Accumulation 3": 62482.283161953455, "Total Demand 3": 481980.0, "Desired Acc. to Total Demand ratio 3": 0.12963667198214335, "Desired Accumulation 4": 61829.28316013724, "Total Demand 4": 558668.0, "Desired Acc. to Total Demand ratio 4": 0.11067267708216193, "Reward": 2586695.1511081033, "Best Reward:": 2716128.804351626, "ServedDemand": 323420.15049309935, "Best Served Demand": 338521.99992779567, "Reb. Cost": 45735.963093632396, "Best Reb. Cost": 50765.973366949314, "Spatial Reb. Cost": 2704.149946959586, "_wandb": {"runtime": 1195}}