{"Episode": 5, "Desired Accumulation 0": 109.33328925651074, "_timestamp": 1711460156.672911, "_runtime": 458.834331035614, "_step": 150, "Total Demand 0": 5084.0, "Desired Acc. to Total Demand ratio 0": 0.021505367674372687, "Desired Accumulation 1": 42.0, "Total Demand 1": 6760.0, "Desired Acc. to Total Demand ratio 1": 0.00621301775147929, "Desired Accumulation 2": 42.0, "Total Demand 2": 4708.0, "Desired Acc. to Total Demand ratio 2": 0.008920985556499575, "Desired Accumulation 3": 42.0, "Total Demand 3": 2932.0, "Desired Acc. to Total Demand ratio 3": 0.01432469304229195, "Desired Accumulation 4": 42.0, "Total Demand 4": 3836.0, "Desired Acc. to Total Demand ratio 4": 0.010948905109489052, "Desired Accumulation 5": 42.0, "Total Demand 5": 5116.0, "Desired Acc. to Total Demand ratio 5": 0.008209538702111024, "Desired Accumulation 6": 42.0, "Total Demand 6": 8040.0, "Desired Acc. to Total Demand ratio 6": 0.0052238805970149255, "Desired Accumulation 7": 42.0, "Total Demand 7": 9060.0, "Desired Acc. to Total Demand ratio 7": 0.004635761589403974, "Desired Accumulation 8": 42.0, "Total Demand 8": 9140.0, "Desired Acc. to Total Demand ratio 8": 0.004595185995623632, "Desired Accumulation 9": 42.0, "Total Demand 9": 3624.0, "Desired Acc. to Total Demand ratio 9": 0.011589403973509934, "AVG Reward ": 66383.10099717489, "Std Reward ": 665.8639977830258, "AVG Satisfied Demand ": 7169.60781877589, "AVG Charging Cost ": 518.3271502929301, "AVG Spatial Rebalancing Cost": 630.4008994142911, "AVG Timestep Time": 1.8776601980129874, "_wandb": {"runtime": 458}}