{"Episode": 505, "Desired Accumulation 0": 4298.820999814825, "_timestamp": 1696192510.4351406, "_runtime": 64153.027458667755, "_step": 15654, "Total Demand 0": 5084.0, "Desired Acc. to Total Demand ratio 0": 0.8455588119226642, "Desired Accumulation 1": 4247.0961366559295, "Total Demand 1": 6760.0, "Desired Acc. to Total Demand ratio 1": 0.6282686592686286, "Desired Accumulation 2": 4034.289621330446, "Total Demand 2": 4708.0, "Desired Acc. to Total Demand ratio 2": 0.8569009391101202, "Desired Accumulation 3": 3654.6181654612114, "Total Demand 3": 2932.0, "Desired Acc. to Total Demand ratio 3": 1.2464591287384759, "Desired Accumulation 4": 3984.3902844698596, "Total Demand 4": 3836.0, "Desired Acc. to Total Demand ratio 4": 1.0386835986626328, "Desired Accumulation 5": 3885.973273743919, "Total Demand 5": 5116.0, "Desired Acc. to Total Demand ratio 5": 0.7595725710992804, "Desired Accumulation 6": 3931.746851838222, "Total Demand 6": 8040.0, "Desired Acc. to Total Demand ratio 6": 0.48902324027838584, "Desired Accumulation 7": 4606.345355840591, "Total Demand 7": 9060.0, "Desired Acc. to Total Demand ratio 7": 0.5084266397175045, "Desired Accumulation 8": 4169.9274954266875, "Total Demand 8": 9140.0, "Desired Acc. to Total Demand ratio 8": 0.4562283911845391, "Desired Accumulation 9": 4999.940313226603, "Total Demand 9": 3624.0, "Desired Acc. to Total Demand ratio 9": 1.3796744793671643, "Reward": 137684.733132097, "Best Reward:": 150778.83808989232, "ServedDemand": 14500.790255827524, "Best Served Demand": 16246.196172678068, "Reb. Cost": 4650.450505701695, "Best Reb. Cost": 5400.769845709291, "Spatial Reb. Cost": 19.600486130282675, "Avg. Time": 1.947115312019984}