{"Episode": 2, "Desired Accumulation 0": 1769.0859199403076, "_timestamp": 1695757943.3911014, "_runtime": 71.93738532066345, "_step": 31, "Total Demand 0": 3932.0, "Desired Acc. to Total Demand ratio 0": 0.44992012206009857, "Desired Accumulation 1": 1883.863427950404, "Total Demand 1": 5024.0, "Desired Acc. to Total Demand ratio 1": 0.37497281607293076, "Desired Accumulation 2": 1999.170753685262, "Total Demand 2": 3816.0, "Desired Acc. to Total Demand ratio 2": 0.5238917069405823, "Desired Accumulation 3": 2031.0066559976442, "Total Demand 3": 2736.0, "Desired Acc. to Total Demand ratio 3": 0.7423269941511857, "Desired Accumulation 4": 2031.5772391355451, "Total Demand 4": 3372.0, "Desired Acc. to Total Demand ratio 4": 0.6024843532430443, "Reward": 32086.536919453236, "Best Reward:": 32086.536919453236, "ServedDemand": 3786.37856306494, "Best Served Demand": 3786.37856306494, "Reb. Cost": 989.6200088734217, "Best Reb. Cost": 989.6200088734217, "Spatial Reb. Cost": 4.439385221673209, "Avg. Time": 0.49375111361344654, "_wandb": {"runtime": 78}}