{"Episode": 423, "Desired Accumulation 0": 7707.264622496483, "_timestamp": 1695245558.4138043, "_runtime": 18451.584753274918, "_step": 6767, "Total Demand 0": 11140.0, "Desired Acc. to Total Demand ratio 0": 0.6918549930427722, "Desired Accumulation 1": 7827.927899766964, "Total Demand 1": 6476.0, "Desired Acc. to Total Demand ratio 1": 1.2087597127496856, "Desired Accumulation 2": 7601.587589603607, "Total Demand 2": 10720.0, "Desired Acc. to Total Demand ratio 2": 0.7091033199257096, "Desired Accumulation 3": 7651.35966722364, "Total Demand 3": 10944.0, "Desired Acc. to Total Demand ratio 3": 0.6991373964933881, "Desired Accumulation 4": 8254.642487101144, "Total Demand 4": 13856.0, "Desired Acc. to Total Demand ratio 4": 0.5957449831914798, "Reward": 141999.0690302793, "Best Reward:": 155648.78845711506, "ServedDemand": 23895.48678252446, "Best Served Demand": 26355.415702508366, "Reb. Cost": 5424.858990894604, "Best Reb. Cost": 6306.83077560573, "Spatial Reb. Cost": 84.55798607458067, "Avg. Time": 0.5547538846731186, "_wandb": {"runtime": 18488}}