{"Episode": 1, "Desired Accumulation 0": 4229.65037726665, "_timestamp": 1696128319.7814398, "_runtime": 94.52550983428955, "_step": 30, "Total Demand 0": 5084.0, "Desired Acc. to Total Demand ratio 0": 0.8319532606740068, "Desired Accumulation 1": 4378.076189487696, "Total Demand 1": 6760.0, "Desired Acc. to Total Demand ratio 1": 0.6476444067289491, "Desired Accumulation 2": 4180.4918367355785, "Total Demand 2": 4708.0, "Desired Acc. to Total Demand ratio 2": 0.887954935585297, "Desired Accumulation 3": 3607.801141628654, "Total Demand 3": 2932.0, "Desired Acc. to Total Demand ratio 3": 1.230491521701451, "Desired Accumulation 4": 3649.0180401850057, "Total Demand 4": 3836.0, "Desired Acc. to Total Demand ratio 4": 0.951256006304746, "Desired Accumulation 5": 4162.44239547359, "Total Demand 5": 5116.0, "Desired Acc. to Total Demand ratio 5": 0.8136126652606706, "Desired Accumulation 6": 3868.8535422197488, "Total Demand 6": 8040.0, "Desired Acc. to Total Demand ratio 6": 0.4812006893308145, "Desired Accumulation 7": 4257.111539125951, "Total Demand 7": 9060.0, "Desired Acc. to Total Demand ratio 7": 0.4698798608306789, "Desired Accumulation 8": 4619.679095314194, "Total Demand 8": 9140.0, "Desired Acc. to Total Demand ratio 8": 0.5054353495967389, "Desired Accumulation 9": 4728.795954338759, "Total Demand 9": 3624.0, "Desired Acc. to Total Demand ratio 9": 1.3048553957888407, "Reward": 137686.20416664667, "Best Reward:": 137686.20416664667, "ServedDemand": 14537.671794481303, "Best Served Demand": 14537.671794481303, "Reb. Cost": 4719.444697847885, "Best Reb. Cost": 4719.444697847885, "Spatial Reb. Cost": 84.01281282728527, "Avg. Time": 1.9555347661177318, "_wandb": {"runtime": 108}}