{"Episode": 10, "Desired Accumulation 0": 3641.5409071068616, "_timestamp": 1695229229.851488, "_runtime": 1219.504292011261, "_step": 309, "Total Demand 0": 5084.0, "Desired Acc. to Total Demand ratio 0": 0.7162747653632694, "Desired Accumulation 1": 3451.3696989298974, "Total Demand 1": 6760.0, "Desired Acc. to Total Demand ratio 1": 0.5105576477706949, "Desired Accumulation 2": 3964.060433899049, "Total Demand 2": 4708.0, "Desired Acc. to Total Demand ratio 2": 0.841983949426306, "Desired Accumulation 3": 3744.4806575637035, "Total Demand 3": 2932.0, "Desired Acc. to Total Demand ratio 3": 1.277108000533323, "Desired Accumulation 4": 3226.6770364211916, "Total Demand 4": 3836.0, "Desired Acc. to Total Demand ratio 4": 0.8411566831129279, "Desired Accumulation 5": 3715.0078487143574, "Total Demand 5": 5116.0, "Desired Acc. to Total Demand ratio 5": 0.7261547788730175, "Desired Accumulation 6": 3941.649545569772, "Total Demand 6": 8040.0, "Desired Acc. to Total Demand ratio 6": 0.49025491860320547, "Desired Accumulation 7": 4128.019693647315, "Total Demand 7": 9060.0, "Desired Acc. to Total Demand ratio 7": 0.4556313127646043, "Desired Accumulation 8": 4588.9223841578305, "Total Demand 8": 9140.0, "Desired Acc. to Total Demand ratio 8": 0.502070282730616, "Desired Accumulation 9": 4050.6861537401755, "Total Demand 9": 3624.0, "Desired Acc. to Total Demand ratio 9": 1.1177390048951918, "Reward": 215843.6278724673, "Best Reward:": 218342.94192551373, "ServedDemand": 24924.504354849578, "Best Served Demand": 25169.40056098776, "Reb. Cost": 9722.371753722284, "Best Reb. Cost": 9929.576771945929, "Spatial Reb. Cost": 280.05765726865326, "Avg. Time": 2.3442429900169373, "_wandb": {"runtime": 4579}}