{"Episode": 1, "Desired Accumulation 0": 2209.678299658914, "_timestamp": 1695877911.3159642, "_runtime": 31.786686182022095, "_step": 15, "Total Demand 0": 4588.0, "Desired Acc. to Total Demand ratio 0": 0.48162125101545644, "Desired Accumulation 1": 2057.9612271828196, "Total Demand 1": 3668.0, "Desired Acc. to Total Demand ratio 1": 0.561058131729231, "Desired Accumulation 2": 1827.4514182616674, "Total Demand 2": 2956.0, "Desired Acc. to Total Demand ratio 2": 0.6182176651764775, "Desired Accumulation 3": 2083.122360077955, "Total Demand 3": 2964.0, "Desired Acc. to Total Demand ratio 3": 0.7028078137914827, "Desired Accumulation 4": 1900.1031899441036, "Total Demand 4": 2580.0, "Desired Acc. to Total Demand ratio 4": 0.7364741046294976, "Reward": 36912.4600703045, "Best Reward:": 36912.4600703045, "ServedDemand": 6163.64765378473, "Best Served Demand": 6163.64765378473, "Reb. Cost": 1303.6621132017447, "Best Reb. Cost": 1303.6621132017447, "Spatial Reb. Cost": 37.061112344716136, "Avg. Time": 0.6527610520521799, "_wandb": {"runtime": 57}}