{"Episode": 1, "Desired Accumulation 0": 22552.175911955757, "_timestamp": 1694482373.3160498, "_runtime": 201.34662890434265, "_step": 60, "Total Demand 0": 228890.0, "Desired Acc. to Total Demand ratio 0": 0.09852844559376013, "Desired Accumulation 1": 19167.80125129059, "Total Demand 1": 139378.0, "Desired Acc. to Total Demand ratio 1": 0.1375238649664265, "Desired Accumulation 2": 18787.0, "Total Demand 2": 86612.0, "Desired Acc. to Total Demand ratio 2": 0.2169098970119614, "Desired Accumulation 3": 18440.0, "Total Demand 3": 146962.0, "Desired Acc. to Total Demand ratio 3": 0.12547461248486003, "Desired Accumulation 4": 20316.98572952009, "Total Demand 4": 149472.0, "Desired Acc. to Total Demand ratio 4": 0.13592502762738232, "Desired Accumulation 5": 20037.027830620795, "Total Demand 5": 100970.0, "Desired Acc. to Total Demand ratio 5": 0.19844535833040303, "Desired Accumulation 6": 18417.98728207801, "Total Demand 6": 134092.0, "Desired Acc. to Total Demand ratio 6": 0.1373533639745698, "Desired Accumulation 7": 20795.62046177946, "Total Demand 7": 142082.0, "Desired Acc. to Total Demand ratio 7": 0.14636351164665096, "Desired Accumulation 8": 19845.83204894855, "Total Demand 8": 113184.0, "Desired Acc. to Total Demand ratio 8": 0.17534132076043035, "Desired Accumulation 9": 19742.794502712975, "Total Demand 9": 103368.0, "Desired Acc. to Total Demand ratio 9": 0.1909952258214629, "Desired Accumulation 10": 20139.34496550133, "Total Demand 10": 235278.0, "Desired Acc. to Total Demand ratio 10": 0.08559807957183131, "Desired Accumulation 11": 18740.0, "Total Demand 11": 145086.0, "Desired Acc. to Total Demand ratio 11": 0.12916477123912715, "Desired Accumulation 12": 19517.609271398112, "Total Demand 12": 88722.0, "Desired Acc. to Total Demand ratio 12": 0.2199861282590351, "Desired Accumulation 13": 18710.0, "Total Demand 13": 128288.0, "Desired Acc. to Total Demand ratio 13": 0.145843726615116, "Desired Accumulation 14": 20589.72606552292, "Total Demand 14": 157336.0, "Desired Acc. to Total Demand ratio 14": 0.1308646849133251, "Desired Accumulation 15": 19822.0, "Total Demand 15": 107626.0, "Desired Acc. to Total Demand ratio 15": 0.18417482764387788, "Desired Accumulation 16": 18820.9244851963, "Total Demand 16": 47006.0, "Desired Acc. to Total Demand ratio 16": 0.4003940876738353, "Desired Accumulation 17": 20274.0, "Total Demand 17": 185384.0, "Desired Acc. to Total Demand ratio 17": 0.10936218875415354, "Desired Accumulation 18": 18933.0, "Total Demand 18": 113454.0, "Desired Acc. to Total Demand ratio 18": 0.16687820614522186, "Desired Accumulation 19": 19550.0, "Total Demand 19": 212832.0, "Desired Acc. to Total Demand ratio 19": 0.09185648774620357, "Reward": 2154756.3505972927, "Best Reward:": 2154756.3505972927, "ServedDemand": 201997.50841385385, "Best Served Demand": 201997.50841385385, "Reb. Cost": 58636.89301607819, "Best Reb. Cost": 58636.89301607819, "Spatial Reb. Cost": 2632.8960020872737, "_wandb": {"runtime": 387}}