{"Episode": 5, "Desired Accumulation 0": 1613.009459183294, "_timestamp": 1711458222.1313384, "_runtime": 482.6649053096771, "_step": 150, "Total Demand 0": 50916.0, "Desired Acc. to Total Demand ratio 0": 0.03167981497335404, "Desired Accumulation 1": 2402.0, "Total Demand 1": 71464.0, "Desired Acc. to Total Demand ratio 1": 0.03361132878092466, "Desired Accumulation 2": 2728.7084597823, "Total Demand 2": 84896.0, "Desired Acc. to Total Demand ratio 2": 0.03214177887983297, "Desired Accumulation 3": 1711.0, "Total Demand 3": 55516.0, "Desired Acc. to Total Demand ratio 3": 0.03081994379998559, "Desired Accumulation 4": 1771.0, "Total Demand 4": 54232.0, "Desired Acc. to Total Demand ratio 4": 0.032655996459654814, "Desired Accumulation 5": 1891.0, "Total Demand 5": 65728.0, "Desired Acc. to Total Demand ratio 5": 0.02877008276533593, "Desired Accumulation 6": 677.0, "Total Demand 6": 25024.0, "Desired Acc. to Total Demand ratio 6": 0.027054028132992326, "Desired Accumulation 7": 1027.0, "Total Demand 7": 27768.0, "Desired Acc. to Total Demand ratio 7": 0.03698501872659176, "Desired Accumulation 8": 671.0, "Total Demand 8": 21648.0, "Desired Acc. to Total Demand ratio 8": 0.030995934959349592, "Desired Accumulation 9": 828.0, "Total Demand 9": 27812.0, "Desired Acc. to Total Demand ratio 9": 0.029771321731626638, "AVG Reward ": 695039.1409424567, "Std Reward ": 1141.0577976403222, "AVG Satisfied Demand ": 111651.16233944416, "AVG Charging Cost ": 4682.02685522074, "AVG Spatial Rebalancing Cost": 6085.911557130704, "AVG Timestep Time": 1.9766451925039292, "_wandb": {"runtime": 482}}