{"Episode": 58, "Desired Accumulation 0": 8145.456053934924, "_timestamp": 1694905020.8103306, "_runtime": 2316.890053510666, "_step": 927, "Total Demand 0": 11140.0, "Desired Acc. to Total Demand ratio 0": 0.731189950981591, "Desired Accumulation 1": 7976.197081784935, "Total Demand 1": 6476.0, "Desired Acc. to Total Demand ratio 1": 1.2316548921842085, "Desired Accumulation 2": 7789.353729571376, "Total Demand 2": 10720.0, "Desired Acc. to Total Demand ratio 2": 0.7266188180570313, "Desired Accumulation 3": 7772.826540777229, "Total Demand 3": 10944.0, "Desired Acc. to Total Demand ratio 3": 0.7102363432727731, "Desired Accumulation 4": 8624.407167424715, "Total Demand 4": 13856.0, "Desired Acc. to Total Demand ratio 4": 0.6224312332148322, "Reward": 137336.27847397796, "Best Reward:": 150851.0780811118, "ServedDemand": 23068.92817367725, "Best Served Demand": 25490.255083652584, "Reb. Cost": 4840.387342032254, "Best Reb. Cost": 6036.15742098049, "Spatial Reb. Cost": 100.99102282726761, "Avg. Time": 0.5173047780990601, "_wandb": {"runtime": 2341}}