{"Episode": 15, "Desired Accumulation 0": 2769.5112750078783, "_timestamp": 1696125609.0732725, "_runtime": 14398.906620502472, "_step": 464, "Total Demand 0": 5084.0, "Desired Acc. to Total Demand ratio 0": 0.544750447483847, "Desired Accumulation 1": 3038.6919245688227, "Total Demand 1": 6760.0, "Desired Acc. to Total Demand ratio 1": 0.4495106397291158, "Desired Accumulation 2": 2700.264921545644, "Total Demand 2": 4708.0, "Desired Acc. to Total Demand ratio 2": 0.5735481991388369, "Desired Accumulation 3": 2782.0171898225262, "Total Demand 3": 2932.0, "Desired Acc. to Total Demand ratio 3": 0.9488462448235082, "Desired Accumulation 4": 2831.1962609368807, "Total Demand 4": 3836.0, "Desired Acc. to Total Demand ratio 4": 0.7380595049366216, "Desired Accumulation 5": 3059.322704883992, "Total Demand 5": 5116.0, "Desired Acc. to Total Demand ratio 5": 0.5979911463807647, "Desired Accumulation 6": 3877.346757518066, "Total Demand 6": 8040.0, "Desired Acc. to Total Demand ratio 6": 0.4822570593927943, "Desired Accumulation 7": 3504.0981409284464, "Total Demand 7": 9060.0, "Desired Acc. to Total Demand ratio 7": 0.3867657992194753, "Desired Accumulation 8": 4335.141267357563, "Total Demand 8": 9140.0, "Desired Acc. to Total Demand ratio 8": 0.474304296209799, "Desired Accumulation 9": 3320.816758836848, "Total Demand 9": 3624.0, "Desired Acc. to Total Demand ratio 9": 0.9163401652419558, "Reward": 198251.58998406853, "Best Reward:": 218742.3952745386, "ServedDemand": 22395.565578478392, "Best Served Demand": 25214.7079351598, "Reb. Cost": 8880.918202293473, "Best Reb. Cost": 10079.553688847589, "Spatial Reb. Cost": 228.10436007892108, "Avg. Time": 1.9939848631620407, "_wandb": {"runtime": 16210}}