{"Episode": 5, "Desired Accumulation 0": 45.011671388400224, "_timestamp": 1711492813.0385191, "_runtime": 1859.1499490737915, "_step": 300, "Total Demand 0": 6628.0, "Desired Acc. to Total Demand ratio 0": 0.006791139316294542, "Desired Accumulation 1": 180.58043912414274, "Total Demand 1": 12312.0, "Desired Acc. to Total Demand ratio 1": 0.014667027219309839, "Desired Accumulation 2": 60.0, "Total Demand 2": 8212.0, "Desired Acc. to Total Demand ratio 2": 0.007306380905991232, "Desired Accumulation 3": 21.0, "Total Demand 3": 3672.0, "Desired Acc. to Total Demand ratio 3": 0.005718954248366013, "Desired Accumulation 4": 37.0, "Total Demand 4": 5808.0, "Desired Acc. to Total Demand ratio 4": 0.006370523415977962, "Desired Accumulation 5": 45.0, "Total Demand 5": 6600.0, "Desired Acc. to Total Demand ratio 5": 0.006818181818181818, "Desired Accumulation 6": 71.0, "Total Demand 6": 10660.0, "Desired Acc. to Total Demand ratio 6": 0.006660412757973733, "Desired Accumulation 7": 83.0, "Total Demand 7": 10768.0, "Desired Acc. to Total Demand ratio 7": 0.007708023774145617, "Desired Accumulation 8": 69.16339943760323, "Total Demand 8": 11220.0, "Desired Acc. to Total Demand ratio 8": 0.006164295850053764, "Desired Accumulation 9": 24.0, "Total Demand 9": 4316.0, "Desired Acc. to Total Demand ratio 9": 0.005560704355885079, "Desired Accumulation 10": 71.0, "Total Demand 10": 10000.0, "Desired Acc. to Total Demand ratio 10": 0.0071, "Desired Accumulation 11": 45.0, "Total Demand 11": 6704.0, "Desired Acc. to Total Demand ratio 11": 0.006712410501193317, "Desired Accumulation 12": 46.0, "Total Demand 12": 6424.0, "Desired Acc. to Total Demand ratio 12": 0.007160647571606476, "Desired Accumulation 13": 121.80351985379848, "Total Demand 13": 12140.0, "Desired Acc. to Total Demand ratio 13": 0.01003323886769345, "Desired Accumulation 14": 67.0, "Total Demand 14": 9532.0, "Desired Acc. to Total Demand ratio 14": 0.007028955098615191, "Desired Accumulation 15": 18.0, "Total Demand 15": 3736.0, "Desired Acc. to Total Demand ratio 15": 0.004817987152034261, "Desired Accumulation 16": 71.0, "Total Demand 16": 10000.0, "Desired Acc. to Total Demand ratio 16": 0.0071, "Desired Accumulation 17": 44.0, "Total Demand 17": 6704.0, "Desired Acc. to Total Demand ratio 17": 0.0065632458233890216, "Desired Accumulation 18": 44.0, "Total Demand 18": 6424.0, "Desired Acc. to Total Demand ratio 18": 0.00684931506849315, "Desired Accumulation 19": 87.11671388400231, "Total Demand 19": 12140.0, "Desired Acc. to Total Demand ratio 19": 0.007176006085996895, "AVG Reward ": 169666.27655057234, "Std Reward ": 608.5022627269146, "AVG Satisfied Demand ": 17762.763915848438, "AVG Charging Cost ": 4337.596867466202, "AVG Spatial Rebalancing Cost": 4666.559212715189, "AVG Timestep Time": 7.678680661320686, "_wandb": {"runtime": 1858}}