{"Episode": 1, "Desired Accumulation 0": 3736.0, "_timestamp": 1694496855.2873983, "_runtime": 218.5985803604126, "_step": 60, "Total Demand 0": 6678.0, "Desired Acc. to Total Demand ratio 0": 0.5594489368074274, "Desired Accumulation 1": 4491.0, "Total Demand 1": 12340.0, "Desired Acc. to Total Demand ratio 1": 0.3639384116693679, "Desired Accumulation 2": 4041.0, "Total Demand 2": 8236.0, "Desired Acc. to Total Demand ratio 2": 0.4906508013598834, "Desired Accumulation 3": 3858.0, "Total Demand 3": 3730.0, "Desired Acc. to Total Demand ratio 3": 1.0343163538873994, "Desired Accumulation 4": 3399.0, "Total Demand 4": 5846.0, "Desired Acc. to Total Demand ratio 4": 0.581423195347246, "Desired Accumulation 5": 3809.0, "Total Demand 5": 6630.0, "Desired Acc. to Total Demand ratio 5": 0.5745098039215686, "Desired Accumulation 6": 5541.170469347288, "Total Demand 6": 10646.0, "Desired Acc. to Total Demand ratio 6": 0.52049318705122, "Desired Accumulation 7": 4999.685470743341, "Total Demand 7": 10768.0, "Desired Acc. to Total Demand ratio 7": 0.46430957194867584, "Desired Accumulation 8": 7516.437092882313, "Total Demand 8": 11234.0, "Desired Acc. to Total Demand ratio 8": 0.6690793210683917, "Desired Accumulation 9": 4035.9719820389187, "Total Demand 9": 4350.0, "Desired Acc. to Total Demand ratio 9": 0.9278096510434296, "Desired Accumulation 10": 4768.714706434721, "Total Demand 10": 10022.0, "Desired Acc. to Total Demand ratio 10": 0.4758246563993934, "Desired Accumulation 11": 4584.520625079446, "Total Demand 11": 6752.0, "Desired Acc. to Total Demand ratio 11": 0.6789870594015768, "Desired Accumulation 12": 3926.0, "Total Demand 12": 6490.0, "Desired Acc. to Total Demand ratio 12": 0.6049306625577812, "Desired Accumulation 13": 5063.38676668288, "Total Demand 13": 12128.0, "Desired Acc. to Total Demand ratio 13": 0.4174956107093404, "Desired Accumulation 14": 4880.851448551119, "Total Demand 14": 9556.0, "Desired Acc. to Total Demand ratio 14": 0.5107630230798575, "Desired Accumulation 15": 3706.3259044103606, "Total Demand 15": 3766.0, "Desired Acc. to Total Demand ratio 15": 0.9841545152443868, "Desired Accumulation 16": 4703.670247675636, "Total Demand 16": 10022.0, "Desired Acc. to Total Demand ratio 16": 0.46933448889200124, "Desired Accumulation 17": 3811.0, "Total Demand 17": 6752.0, "Desired Acc. to Total Demand ratio 17": 0.564425355450237, "Desired Accumulation 18": 4099.369330577705, "Total Demand 18": 6490.0, "Desired Acc. to Total Demand ratio 18": 0.6316439646498775, "Desired Accumulation 19": 5706.6660414003745, "Total Demand 19": 12128.0, "Desired Acc. to Total Demand ratio 19": 0.4705364480046483, "Reward": 889951.7306400249, "Best Reward:": 889951.7306400249, "ServedDemand": 108074.23767797422, "Best Served Demand": 108074.23767797422, "Reb. Cost": 42223.64197778072, "Best Reb. Cost": 42223.64197778072, "Spatial Reb. Cost": 2399.741163067717, "_wandb": {"runtime": 223}}