{"Episode": 753, "Desired Accumulation 0": 10000.053520741294, "_timestamp": 1696127330.17292, "_runtime": 167800.02423906326, "_step": 23342, "Total Demand 0": 16640.0, "Desired Acc. to Total Demand ratio 0": 0.6009647548522412, "Desired Accumulation 1": 9360.22818565346, "Total Demand 1": 25096.0, "Desired Acc. to Total Demand ratio 1": 0.3729768961449418, "Desired Accumulation 2": 10193.831984010361, "Total Demand 2": 26176.0, "Desired Acc. to Total Demand ratio 2": 0.3894342903426941, "Desired Accumulation 3": 9201.595493751483, "Total Demand 3": 13992.0, "Desired Acc. to Total Demand ratio 3": 0.6576326110457035, "Desired Accumulation 4": 10195.44047124426, "Total Demand 4": 13976.0, "Desired Acc. to Total Demand ratio 4": 0.7294963130541113, "Desired Accumulation 5": 10275.369021976496, "Total Demand 5": 19760.0, "Desired Acc. to Total Demand ratio 5": 0.5200085537437498, "Desired Accumulation 6": 10665.32229268356, "Total Demand 6": 8576.0, "Desired Acc. to Total Demand ratio 6": 1.243624334501348, "Desired Accumulation 7": 10144.089825973087, "Total Demand 7": 14864.0, "Desired Acc. to Total Demand ratio 7": 0.6824602950735392, "Desired Accumulation 8": 10605.774583139282, "Total Demand 8": 10660.0, "Desired Acc. to Total Demand ratio 8": 0.9949131879117525, "Desired Accumulation 9": 10150.206744490704, "Total Demand 9": 18776.0, "Desired Acc. to Total Demand ratio 9": 0.5405947350069612, "Reward": 319150.1023515364, "Best Reward:": 355417.2369875701, "ServedDemand": 37461.80759473315, "Best Served Demand": 41951.55383551693, "Reb. Cost": 10113.497822918567, "Best Reb. Cost": 11841.7459581546, "Spatial Reb. Cost": 184.8732560171757, "Avg. Time": 2.1006765762964883, "_wandb": {"runtime": 167858}}