{"Episode": 5, "Desired Accumulation 0": 1433.1147305511902, "_timestamp": 1711452583.0623808, "_runtime": 123.87708282470703, "_step": 75, "Total Demand 0": 30632.0, "Desired Acc. to Total Demand ratio 0": 0.04678488934941206, "Desired Accumulation 1": 1408.0, "Total Demand 1": 44440.0, "Desired Acc. to Total Demand ratio 1": 0.031683168316831684, "Desired Accumulation 2": 1408.0, "Total Demand 2": 63888.0, "Desired Acc. to Total Demand ratio 2": 0.02203856749311295, "Desired Accumulation 3": 1408.0, "Total Demand 3": 39448.0, "Desired Acc. to Total Demand ratio 3": 0.035692557290610424, "Desired Accumulation 4": 1408.0, "Total Demand 4": 42860.0, "Desired Acc. to Total Demand ratio 4": 0.032851143257116196, "AVG Reward ": 275219.2769159338, "Std Reward ": 409.8273876525291, "AVG Satisfied Demand ": 45674.340431957986, "AVG Charging Cost ": 6226.598552484535, "AVG Spatial Rebalancing Cost": 6640.6025697381065, "AVG Timestep Time": 0.48497114578882855, "_wandb": {"runtime": 123}}