{"Episode": 304, "Desired Accumulation 0": 2878.3705943370796, "_timestamp": 1695837094.5252116, "_runtime": 43141.86777853966, "_step": 9423, "Total Demand 0": 5084.0, "Desired Acc. to Total Demand ratio 0": 0.5661625873991109, "Desired Accumulation 1": 2554.4938185238925, "Total Demand 1": 6760.0, "Desired Acc. to Total Demand ratio 1": 0.37788370096507284, "Desired Accumulation 2": 2458.4037044118704, "Total Demand 2": 4708.0, "Desired Acc. to Total Demand ratio 2": 0.5221758080738892, "Desired Accumulation 3": 2829.850865595955, "Total Demand 3": 2932.0, "Desired Acc. to Total Demand ratio 3": 0.9651605953601483, "Desired Accumulation 4": 2615.320983444864, "Total Demand 4": 3836.0, "Desired Acc. to Total Demand ratio 4": 0.6817833637760333, "Desired Accumulation 5": 2157.45783407642, "Total Demand 5": 5116.0, "Desired Acc. to Total Demand ratio 5": 0.42170794254816657, "Desired Accumulation 6": 2343.490974144962, "Total Demand 6": 8040.0, "Desired Acc. to Total Demand ratio 6": 0.2914789768837017, "Desired Accumulation 7": 2478.0254121652542, "Total Demand 7": 9060.0, "Desired Acc. to Total Demand ratio 7": 0.2735127386495866, "Desired Accumulation 8": 2380.7307382019335, "Total Demand 8": 9140.0, "Desired Acc. to Total Demand ratio 8": 0.2604738225603866, "Desired Accumulation 9": 2248.2652881698214, "Total Demand 9": 3624.0, "Desired Acc. to Total Demand ratio 9": 0.6203822539099949, "Reward": 71823.9153333532, "Best Reward:": 82110.64743595963, "ServedDemand": 6729.990458981664, "Best Served Demand": 7947.72542272191, "Reb. Cost": 2191.4541701630164, "Best Reb. Cost": 2813.972816900836, "Spatial Reb. Cost": 26.181, "Avg. Time": 2.0658739308516183, "_wandb": {"runtime": 43233}}