{"Episode": 5500, "Desired Accumulation 0": 4720.24051188782, "_timestamp": 1694767022.8756995, "_runtime": 194924.48588061333, "_step": 88000, "Total Demand 0": 3932.0, "Desired Acc. to Total Demand ratio 0": 1.2004680854241656, "Desired Accumulation 1": 4966.119843675663, "Total Demand 1": 5024.0, "Desired Acc. to Total Demand ratio 1": 0.9884792682475444, "Desired Accumulation 2": 5077.04710388451, "Total Demand 2": 3816.0, "Desired Acc. to Total Demand ratio 2": 1.3304630775378694, "Desired Accumulation 3": 5148.8208289016175, "Total Demand 3": 2736.0, "Desired Acc. to Total Demand ratio 3": 1.8818789579318778, "Desired Accumulation 4": 4848.371129891333, "Total Demand 4": 3372.0, "Desired Acc. to Total Demand ratio 4": 1.4378324821741795, "Reward": 56633.69270175069, "Best Reward:": 82596.41826125678, "ServedDemand": 6965.860770838567, "Best Served Demand": 11080.999687023921, "Reb. Cost": 1625.1136651315821, "Best Reb. Cost": 8051.350436986531, "Spatial Reb. Cost": 124.76155468394896, "Avg. Time": 0.48864149550596875, "AVG Reward ": 82869.90746508393, "AVG Satisfied Demand ": 10600.059145938581, "AVG Rebalancing Cost": 3889.5803576706926, "AVG Timestep Time": 0.4932275628050168, "_wandb": {"runtime": 194924}}