{"Episode": 5, "Desired Accumulation 0": 910.450766092438, "_timestamp": 1711455210.6613383, "_runtime": 485.3156154155731, "_step": 150, "Total Demand 0": 50916.0, "Desired Acc. to Total Demand ratio 0": 0.017881427568788553, "Desired Accumulation 1": 867.0, "Total Demand 1": 71464.0, "Desired Acc. to Total Demand ratio 1": 0.012131982536661815, "Desired Accumulation 2": 867.0, "Total Demand 2": 84896.0, "Desired Acc. to Total Demand ratio 2": 0.010212495288352809, "Desired Accumulation 3": 867.0, "Total Demand 3": 55516.0, "Desired Acc. to Total Demand ratio 3": 0.015617119389004971, "Desired Accumulation 4": 867.0, "Total Demand 4": 54232.0, "Desired Acc. to Total Demand ratio 4": 0.015986871219943945, "Desired Accumulation 5": 867.0, "Total Demand 5": 65728.0, "Desired Acc. to Total Demand ratio 5": 0.01319072541382668, "Desired Accumulation 6": 867.0, "Total Demand 6": 25024.0, "Desired Acc. to Total Demand ratio 6": 0.034646739130434784, "Desired Accumulation 7": 867.0, "Total Demand 7": 27768.0, "Desired Acc. to Total Demand ratio 7": 0.031222990492653414, "Desired Accumulation 8": 867.0, "Total Demand 8": 21648.0, "Desired Acc. to Total Demand ratio 8": 0.040049889135254986, "Desired Accumulation 9": 867.0, "Total Demand 9": 27812.0, "Desired Acc. to Total Demand ratio 9": 0.03117359413202934, "AVG Reward ": 616899.5591909194, "Std Reward ": 697.5464880024501, "AVG Satisfied Demand ": 99863.36698266643, "AVG Charging Cost ": 13393.774233590146, "AVG Spatial Rebalancing Cost": 14298.089031092892, "AVG Timestep Time": 1.9878608574469887, "_wandb": {"runtime": 484}}