{"Episode": 5, "Desired Accumulation 0": 2635.414579406072, "_timestamp": 1711453012.123768, "_runtime": 123.95238208770752, "_step": 75, "Total Demand 0": 30632.0, "Desired Acc. to Total Demand ratio 0": 0.08603468854159284, "Desired Accumulation 1": 2599.0, "Total Demand 1": 44440.0, "Desired Acc. to Total Demand ratio 1": 0.058483348334833485, "Desired Accumulation 2": 2599.0, "Total Demand 2": 63888.0, "Desired Acc. to Total Demand ratio 2": 0.04068056599048334, "Desired Accumulation 3": 2599.0, "Total Demand 3": 39448.0, "Desired Acc. to Total Demand ratio 3": 0.06588420198742649, "Desired Accumulation 4": 2599.0, "Total Demand 4": 42860.0, "Desired Acc. to Total Demand ratio 4": 0.0606392907139524, "AVG Reward ": 313999.5041634723, "Std Reward ": 422.25484717726243, "AVG Satisfied Demand ": 51454.335858909224, "AVG Charging Cost ": 2155.9631081475386, "AVG Spatial Rebalancing Cost": 2713.869307254604, "AVG Timestep Time": 0.4892633050680161, "_wandb": {"runtime": 123}}