{"Episode": 965, "Desired Accumulation 0": 3668.881583702304, "_timestamp": 1695097946.3208628, "_runtime": 142359.77426886559, "_step": 29914, "Total Demand 0": 5084.0, "Desired Acc. to Total Demand ratio 0": 0.7216525538360157, "Desired Accumulation 1": 3796.571664929196, "Total Demand 1": 6760.0, "Desired Acc. to Total Demand ratio 1": 0.5616230273563899, "Desired Accumulation 2": 4004.5263346334173, "Total Demand 2": 4708.0, "Desired Acc. to Total Demand ratio 2": 0.8505790855211167, "Desired Accumulation 3": 3594.6938219331514, "Total Demand 3": 2932.0, "Desired Acc. to Total Demand ratio 3": 1.2260210852432303, "Desired Accumulation 4": 4206.856084035759, "Total Demand 4": 3836.0, "Desired Acc. to Total Demand ratio 4": 1.096677811271053, "Desired Accumulation 5": 3294.0, "Total Demand 5": 5116.0, "Desired Acc. to Total Demand ratio 5": 0.643862392494136, "Desired Accumulation 6": 4346.580186042188, "Total Demand 6": 8040.0, "Desired Acc. to Total Demand ratio 6": 0.5406194261246502, "Desired Accumulation 7": 4262.165971501565, "Total Demand 7": 9060.0, "Desired Acc. to Total Demand ratio 7": 0.47043774519884823, "Desired Accumulation 8": 4872.854453572118, "Total Demand 8": 9140.0, "Desired Acc. to Total Demand ratio 8": 0.5331350605658772, "Desired Accumulation 9": 4001.215492080991, "Total Demand 9": 3624.0, "Desired Acc. to Total Demand ratio 9": 1.1040881600664987, "Reward": 208040.89404690496, "Best Reward:": 210090.37358078014, "ServedDemand": 23846.581740856585, "Best Served Demand": 24117.62756116739, "Reb. Cost": 8480.700637577886, "Best Reb. Cost": 9063.341487763262, "Spatial Reb. Cost": 126.05539680300157, "Avg. Time": 2.1348991046349206, "_wandb": {"runtime": 142486}}