{"Episode": 3, "Desired Accumulation 0": 59191.999999344254, "_timestamp": 1694456036.0937526, "_runtime": 44.8021457195282, "_step": 47, "Total Demand 0": 601820.0, "Desired Acc. to Total Demand ratio 0": 0.09835498986298935, "Desired Accumulation 1": 65984.72363613211, "Total Demand 1": 526630.0, "Desired Acc. to Total Demand ratio 1": 0.1252961730933143, "Desired Accumulation 2": 56885.99999981142, "Total Demand 2": 596908.0, "Desired Acc. to Total Demand ratio 2": 0.09530111842999495, "Desired Accumulation 3": 54211.00000037045, "Total Demand 3": 481980.0, "Desired Acc. to Total Demand ratio 3": 0.11247562139584723, "Desired Accumulation 4": 58836.723665719954, "Total Demand 4": 558668.0, "Desired Acc. to Total Demand ratio 4": 0.10531607979286438, "Reward": 2575418.067060263, "Best Reward:": 2575418.067060263, "ServedDemand": 320489.5526986218, "Best Served Demand": 320489.5526986218, "Reb. Cost": 42104.51862470636, "Best Reb. Cost": 42104.51862470636, "Spatial Reb. Cost": 848.6436217280826, "_wandb": {"runtime": 46}}