{"Episode": 2, "Desired Accumulation 0": 3645.0429501575336, "_timestamp": 1694504677.0395598, "_runtime": 151.64540576934814, "_step": 61, "Total Demand 0": 5090.0, "Desired Acc. to Total Demand ratio 0": 0.7161184577912639, "Desired Accumulation 1": 3594.0, "Total Demand 1": 6778.0, "Desired Acc. to Total Demand ratio 1": 0.5302449100029507, "Desired Accumulation 2": 3634.402459259122, "Total Demand 2": 4702.0, "Desired Acc. to Total Demand ratio 2": 0.7729482048615742, "Desired Accumulation 3": 3985.026829111327, "Total Demand 3": 2970.0, "Desired Acc. to Total Demand ratio 3": 1.3417598751216588, "Desired Accumulation 4": 3758.0500322762173, "Total Demand 4": 3842.0, "Desired Acc. to Total Demand ratio 4": 0.9781494097543512, "Desired Accumulation 5": 3703.6975408218022, "Total Demand 5": 5116.0, "Desired Acc. to Total Demand ratio 5": 0.7239440071973812, "Desired Accumulation 6": 3866.9670607884536, "Total Demand 6": 8046.0, "Desired Acc. to Total Demand ratio 6": 0.48060739010545034, "Desired Accumulation 7": 3945.623381579404, "Total Demand 7": 9066.0, "Desired Acc. to Total Demand ratio 7": 0.4352110502514233, "Desired Accumulation 8": 3365.4475821215765, "Total Demand 8": 9146.0, "Desired Acc. to Total Demand ratio 8": 0.3679693398339795, "Desired Accumulation 9": 3705.48283267707, "Total Demand 9": 3658.0, "Desired Acc. to Total Demand ratio 9": 1.0129805447449616, "Reward": 261324.84475941496, "Best Reward:": 273554.5685251567, "ServedDemand": 31185.623341667455, "Best Served Demand": 33028.505795041, "Reb. Cost": 10808.517157003249, "Best Reb. Cost": 12420.574430158083, "Spatial Reb. Cost": 530.800896725267, "_wandb": {"runtime": 190}}