{"Episode": 3, "Desired Accumulation 0": 2535.996559088685, "_timestamp": 1695878632.3547232, "_runtime": 119.76098728179932, "_step": 47, "Total Demand 0": 4588.0, "Desired Acc. to Total Demand ratio 0": 0.5527455447011084, "Desired Accumulation 1": 2551.8979837461247, "Total Demand 1": 3668.0, "Desired Acc. to Total Demand ratio 1": 0.695719188589456, "Desired Accumulation 2": 2718.4307218075846, "Total Demand 2": 2956.0, "Desired Acc. to Total Demand ratio 2": 0.9196315026412668, "Desired Accumulation 3": 2480.7557956665614, "Total Demand 3": 2964.0, "Desired Acc. to Total Demand ratio 3": 0.836962144286964, "Desired Accumulation 4": 2226.915220545585, "Total Demand 4": 2580.0, "Desired Acc. to Total Demand ratio 4": 0.8631454343199941, "Reward": 45865.53260879814, "Best Reward:": 45865.53260879814, "ServedDemand": 7732.177962487687, "Best Served Demand": 7732.177962487687, "Reb. Cost": 1869.9541354798528, "Best Reb. Cost": 1869.9541354798528, "Spatial Reb. Cost": 18.926604206351634, "Avg. Time": 0.6059796263774236, "_wandb": {"runtime": 140}}