{"Episode": 5, "Desired Accumulation 0": 60.008928918962816, "_timestamp": 1711477863.680569, "_runtime": 1033.9365990161896, "_step": 225, "Total Demand 0": 6172.0, "Desired Acc. to Total Demand ratio 0": 0.00972276878142625, "Desired Accumulation 1": 161.4974634479258, "Total Demand 1": 10480.0, "Desired Acc. to Total Demand ratio 1": 0.015410063306099791, "Desired Accumulation 2": 72.0, "Total Demand 2": 6780.0, "Desired Acc. to Total Demand ratio 2": 0.010619469026548672, "Desired Accumulation 3": 29.0, "Total Demand 3": 3392.0, "Desired Acc. to Total Demand ratio 3": 0.008549528301886792, "Desired Accumulation 4": 47.0, "Total Demand 4": 5156.0, "Desired Acc. to Total Demand ratio 4": 0.009115593483320403, "Desired Accumulation 5": 57.0, "Total Demand 5": 6088.0, "Desired Acc. to Total Demand ratio 5": 0.009362680683311432, "Desired Accumulation 6": 91.00892891896281, "Total Demand 6": 9476.0, "Desired Acc. to Total Demand ratio 6": 0.009604150371355298, "Desired Accumulation 7": 139.94864759839322, "Total Demand 7": 9776.0, "Desired Acc. to Total Demand ratio 7": 0.014315532692143333, "Desired Accumulation 8": 88.13393378444214, "Total Demand 8": 9904.0, "Desired Acc. to Total Demand ratio 8": 0.008898822070319279, "Desired Accumulation 9": 32.0, "Total Demand 9": 3840.0, "Desired Acc. to Total Demand ratio 9": 0.008333333333333333, "Desired Accumulation 10": 55.0, "Total Demand 10": 5584.0, "Desired Acc. to Total Demand ratio 10": 0.009849570200573065, "Desired Accumulation 11": 33.0, "Total Demand 11": 3524.0, "Desired Acc. to Total Demand ratio 11": 0.009364358683314415, "Desired Accumulation 12": 30.0, "Total Demand 12": 3072.0, "Desired Acc. to Total Demand ratio 12": 0.009765625, "Desired Accumulation 13": 94.0, "Total Demand 13": 9364.0, "Desired Acc. to Total Demand ratio 13": 0.01003844510892781, "Desired Accumulation 14": 86.0, "Total Demand 14": 8284.0, "Desired Acc. to Total Demand ratio 14": 0.010381458232737808, "AVG Reward ": 118695.95440177713, "Std Reward ": 587.1679061581636, "AVG Satisfied Demand ": 13027.313338368991, "AVG Charging Cost ": 906.4877316145837, "AVG Spatial Rebalancing Cost": 1165.7091667176533, "AVG Timestep Time": 4.262740601102511, "_wandb": {"runtime": 1033}}