{"Episode": 4864, "Desired Accumulation 0": 6825.631402683557, "_timestamp": 1695116990.6620464, "_runtime": 211858.65386152267, "_step": 77823, "Total Demand 0": 11140.0, "Desired Acc. to Total Demand ratio 0": 0.6127137704383804, "Desired Accumulation 1": 6828.112006514462, "Total Demand 1": 6476.0, "Desired Acc. to Total Demand ratio 1": 1.0543718354716587, "Desired Accumulation 2": 6654.458238692776, "Total Demand 2": 10720.0, "Desired Acc. to Total Demand ratio 2": 0.6207517013705948, "Desired Accumulation 3": 6647.064035267411, "Total Demand 3": 10944.0, "Desired Acc. to Total Demand ratio 3": 0.6073706172576216, "Desired Accumulation 4": 7075.328389196564, "Total Demand 4": 13856.0, "Desired Acc. to Total Demand ratio 4": 0.5106328225459413, "Reward": 165574.6920157434, "Best Reward:": 174470.6579659097, "ServedDemand": 28384.181622008728, "Best Served Demand": 30063.418034468028, "Reb. Cost": 7888.125175065721, "Best Reb. Cost": 8863.590488010543, "Spatial Reb. Cost": 132.71461755706343, "Avg. Time": 0.5072294026613235, "_wandb": {"runtime": 211885}}