{"Episode": 5, "Desired Accumulation 0": 170.0082031656852, "_timestamp": 1711454706.5754666, "_runtime": 120.89616465568542, "_step": 75, "Total Demand 0": 3932.0, "Desired Acc. to Total Demand ratio 0": 0.04323708117133397, "Desired Accumulation 1": 241.50754744340912, "Total Demand 1": 5024.0, "Desired Acc. to Total Demand ratio 1": 0.0480707697936722, "Desired Accumulation 2": 171.0, "Total Demand 2": 3816.0, "Desired Acc. to Total Demand ratio 2": 0.04481132075471698, "Desired Accumulation 3": 105.0, "Total Demand 3": 2736.0, "Desired Acc. to Total Demand ratio 3": 0.03837719298245614, "Desired Accumulation 4": 133.0, "Total Demand 4": 3372.0, "Desired Acc. to Total Demand ratio 4": 0.03944246737841044, "AVG Reward ": 25823.131637551858, "Std Reward ": 270.7319186236863, "AVG Satisfied Demand ": 3169.2972315936163, "AVG Charging Cost ": 161.97119999999998, "AVG Spatial Rebalancing Cost": 197.62502592754805, "AVG Timestep Time": 0.47632225652535753, "_wandb": {"runtime": 120}}