{"Episode": 572, "Desired Accumulation 0": 4064.642999974594, "_timestamp": 1698420261.2817588, "_runtime": 161472.00097489357, "_step": 17731, "Total Demand 0": 5084.0, "Desired Acc. to Total Demand ratio 0": 0.7994970495622726, "Desired Accumulation 1": 3392.521000327364, "Total Demand 1": 6760.0, "Desired Acc. to Total Demand ratio 1": 0.5018522189833379, "Desired Accumulation 2": 3926.591000314013, "Total Demand 2": 4708.0, "Desired Acc. to Total Demand ratio 2": 0.8340252761924412, "Desired Accumulation 3": 4060.010000302106, "Total Demand 3": 2932.0, "Desired Acc. to Total Demand ratio 3": 1.3847237381657933, "Desired Accumulation 4": 3999.0650006328683, "Total Demand 4": 3836.0, "Desired Acc. to Total Demand ratio 4": 1.0425091242525726, "Desired Accumulation 5": 3033.0, "Total Demand 5": 5116.0, "Desired Acc. to Total Demand ratio 5": 0.5928459734167318, "Desired Accumulation 6": 4534.551999698251, "Total Demand 6": 8040.0, "Desired Acc. to Total Demand ratio 6": 0.5639990049375935, "Desired Accumulation 7": 5351.055999698255, "Total Demand 7": 9060.0, "Desired Acc. to Total Demand ratio 7": 0.5906242825274012, "Desired Accumulation 8": 5877.473998480082, "Total Demand 8": 9140.0, "Desired Acc. to Total Demand ratio 8": 0.6430496716061359, "Desired Accumulation 9": 3852.6760000239765, "Total Demand 9": 3624.0, "Desired Acc. to Total Demand ratio 9": 1.0631004415077199, "Reward": 77801.98037849752, "Best Reward:": 179511.6332407626, "ServedDemand": 7922.864000284762, "Best Served Demand": 20605.346000283767, "Reb. Cost": 2153.3705723078438, "Best Reb. Cost": 11446.789980463367, "Spatial Reb. Cost": 4.5834, "Avg. Time": 1.5539623995621998}