{"Episode": 1, "Desired Accumulation 0": 7718.87397884706, "_timestamp": 1695227844.612943, "_runtime": 27.344461917877197, "_step": 15, "Total Demand 0": 11140.0, "Desired Acc. to Total Demand ratio 0": 0.692897125569754, "Desired Accumulation 1": 7046.602891811235, "Total Demand 1": 6476.0, "Desired Acc. to Total Demand ratio 1": 1.0881103909529393, "Desired Accumulation 2": 7279.675960642523, "Total Demand 2": 10720.0, "Desired Acc. to Total Demand ratio 2": 0.6790742500599368, "Desired Accumulation 3": 8396.305389769954, "Total Demand 3": 10944.0, "Desired Acc. to Total Demand ratio 3": 0.7672062673400908, "Desired Accumulation 4": 7307.203580218408, "Total Demand 4": 13856.0, "Desired Acc. to Total Demand ratio 4": 0.5273674639303124, "Reward": 149009.22680003836, "Best Reward:": 149009.22680003836, "ServedDemand": 25166.077894804803, "Best Served Demand": 25166.077894804803, "Reb. Cost": 5732.474087143932, "Best Reb. Cost": 5732.474087143932, "Spatial Reb. Cost": 21.125937907017953, "Avg. Time": 0.5577044536670049, "_wandb": {"runtime": 68}}