{"Episode": 5, "Desired Accumulation 0": 67.00758980696118, "_timestamp": 1711454288.0559604, "_runtime": 122.85230541229248, "_step": 75, "Total Demand 0": 3932.0, "Desired Acc. to Total Demand ratio 0": 0.017041604732187483, "Desired Accumulation 1": 117.88671278867793, "Total Demand 1": 5024.0, "Desired Acc. to Total Demand ratio 1": 0.023464711940421563, "Desired Accumulation 2": 64.0, "Total Demand 2": 3816.0, "Desired Acc. to Total Demand ratio 2": 0.016771488469601678, "Desired Accumulation 3": 39.0, "Total Demand 3": 2736.0, "Desired Acc. to Total Demand ratio 3": 0.01425438596491228, "Desired Accumulation 4": 55.0, "Total Demand 4": 3372.0, "Desired Acc. to Total Demand ratio 4": 0.01631079478054567, "AVG Reward ": 22499.98341887307, "Std Reward ": 210.50337948953228, "AVG Satisfied Demand ": 2787.843120107568, "AVG Charging Cost ": 466.24455755938243, "AVG Spatial Rebalancing Cost": 492.94900335837934, "AVG Timestep Time": 0.48474137783050536, "_wandb": {"runtime": 122}}