{"Episode": 1, "Desired Accumulation 0": 7006.226281229385, "_timestamp": 1695874481.464251, "_runtime": 26.797551155090332, "_step": 15, "Total Demand 0": 11140.0, "Desired Acc. to Total Demand ratio 0": 0.6289251598949178, "Desired Accumulation 1": 7133.785240071919, "Total Demand 1": 6476.0, "Desired Acc. to Total Demand ratio 1": 1.1015727671513156, "Desired Accumulation 2": 6598.32214657742, "Total Demand 2": 10720.0, "Desired Acc. to Total Demand ratio 2": 0.6155151256135654, "Desired Accumulation 3": 7034.238544164135, "Total Demand 3": 10944.0, "Desired Acc. to Total Demand ratio 3": 0.642748404985758, "Desired Accumulation 4": 7118.5568783772615, "Total Demand 4": 13856.0, "Desired Acc. to Total Demand ratio 4": 0.5137526615457031, "Reward": 118170.47750485034, "Best Reward:": 118170.47750485034, "ServedDemand": 19679.365392056076, "Best Served Demand": 19679.365392056076, "Reb. Cost": 3924.4954498905768, "Best Reb. Cost": 3924.4954498905768, "Spatial Reb. Cost": 44.39422109898209, "Avg. Time": 0.5492178599039713, "_wandb": {"runtime": 58}}