{"Episode": 1405, "Desired Accumulation 0": 2798.5008225604174, "_timestamp": 1696097005.6752279, "_runtime": 259600.51293087006, "_step": 43554, "Total Demand 0": 5084.0, "Desired Acc. to Total Demand ratio 0": 0.5504525614792324, "Desired Accumulation 1": 2916.56733276637, "Total Demand 1": 6760.0, "Desired Acc. to Total Demand ratio 1": 0.4314448717110015, "Desired Accumulation 2": 2942.0264888845654, "Total Demand 2": 4708.0, "Desired Acc. to Total Demand ratio 2": 0.624899424147104, "Desired Accumulation 3": 2757.1242048467743, "Total Demand 3": 2932.0, "Desired Acc. to Total Demand ratio 3": 0.9403561408072219, "Desired Accumulation 4": 2535.271811774739, "Total Demand 4": 3836.0, "Desired Acc. to Total Demand ratio 4": 0.6609154879496192, "Desired Accumulation 5": 2844.5961548130554, "Total Demand 5": 5116.0, "Desired Acc. to Total Demand ratio 5": 0.5560195767812852, "Desired Accumulation 6": 3450.6491029465355, "Total Demand 6": 8040.0, "Desired Acc. to Total Demand ratio 6": 0.4291852118092706, "Desired Accumulation 7": 3496.011625756049, "Total Demand 7": 9060.0, "Desired Acc. to Total Demand ratio 7": 0.38587324787594357, "Desired Accumulation 8": 3901.938633936693, "Total Demand 8": 9140.0, "Desired Acc. to Total Demand ratio 8": 0.4269079468202071, "Desired Accumulation 9": 2868.1471341014517, "Total Demand 9": 3624.0, "Desired Acc. to Total Demand ratio 9": 0.7914313283944403, "Reward": 209191.15052471074, "Best Reward:": 217787.5582477946, "ServedDemand": 23941.851118751474, "Best Served Demand": 25134.33862880685, "Reb. Cost": 9776.46825209976, "Best Reb. Cost": 10135.589586162823, "Spatial Reb. Cost": 216.34056107019785, "Avg. Time": 2.3441325575113297}