{"Episode": 5, "Desired Accumulation 0": 172.4169500815333, "_timestamp": 1711475743.0718358, "_runtime": 1051.9575626850128, "_step": 225, "Total Demand 0": 6172.0, "Desired Acc. to Total Demand ratio 0": 0.02793534512014473, "Desired Accumulation 1": 68.0, "Total Demand 1": 10480.0, "Desired Acc. to Total Demand ratio 1": 0.0064885496183206106, "Desired Accumulation 2": 68.0, "Total Demand 2": 6780.0, "Desired Acc. to Total Demand ratio 2": 0.010029498525073746, "Desired Accumulation 3": 68.0, "Total Demand 3": 3392.0, "Desired Acc. to Total Demand ratio 3": 0.020047169811320754, "Desired Accumulation 4": 68.0, "Total Demand 4": 5156.0, "Desired Acc. to Total Demand ratio 4": 0.013188518231186967, "Desired Accumulation 5": 68.0, "Total Demand 5": 6088.0, "Desired Acc. to Total Demand ratio 5": 0.011169513797634692, "Desired Accumulation 6": 68.0, "Total Demand 6": 9476.0, "Desired Acc. to Total Demand ratio 6": 0.007176023638666104, "Desired Accumulation 7": 68.0, "Total Demand 7": 9776.0, "Desired Acc. to Total Demand ratio 7": 0.006955810147299509, "Desired Accumulation 8": 68.0, "Total Demand 8": 9904.0, "Desired Acc. to Total Demand ratio 8": 0.006865912762520194, "Desired Accumulation 9": 68.0, "Total Demand 9": 3840.0, "Desired Acc. to Total Demand ratio 9": 0.017708333333333333, "Desired Accumulation 10": 68.0, "Total Demand 10": 5584.0, "Desired Acc. to Total Demand ratio 10": 0.012177650429799427, "Desired Accumulation 11": 68.0, "Total Demand 11": 3524.0, "Desired Acc. to Total Demand ratio 11": 0.019296254256526674, "Desired Accumulation 12": 68.0, "Total Demand 12": 3072.0, "Desired Acc. to Total Demand ratio 12": 0.022135416666666668, "Desired Accumulation 13": 68.0, "Total Demand 13": 9364.0, "Desired Acc. to Total Demand ratio 13": 0.007261853908586074, "Desired Accumulation 14": 68.0, "Total Demand 14": 8284.0, "Desired Acc. to Total Demand ratio 14": 0.008208594881699663, "AVG Reward ": 118602.63094404744, "Std Reward ": 726.4451339345668, "AVG Satisfied Demand ": 12961.793697820554, "AVG Charging Cost ": 877.2565768700163, "AVG Spatial Rebalancing Cost": 1123.4569475085216, "AVG Timestep Time": 4.338758021593094, "_wandb": {"runtime": 1051}}