{"Reward": 5261959.403275739, "ServedDemand": 794807.9395919304, "Reb. Cost": 206071.89747204294, "Avg.Time": 1727.2430386543274, "_timestamp": 1711466882.5362008, "_runtime": 1735.5829286575317, "_step": 0, "_wandb": {"runtime": 1735}}