{"Episode": 1, "Desired Accumulation 0": 2012.6914409136043, "_timestamp": 1695878251.7334807, "_runtime": 29.505895614624023, "_step": 15, "Total Demand 0": 4588.0, "Desired Acc. to Total Demand ratio 0": 0.43868601589224154, "Desired Accumulation 1": 2132.550463583531, "Total Demand 1": 3668.0, "Desired Acc. to Total Demand ratio 1": 0.581393256156906, "Desired Accumulation 2": 2135.600578732028, "Total Demand 2": 2956.0, "Desired Acc. to Total Demand ratio 2": 0.7224629833328918, "Desired Accumulation 3": 2028.9827154658265, "Total Demand 3": 2964.0, "Desired Acc. to Total Demand ratio 3": 0.6845420767428564, "Desired Accumulation 4": 2161.2857365583336, "Total Demand 4": 2580.0, "Desired Acc. to Total Demand ratio 4": 0.8377076498288115, "Reward": 35421.049386222236, "Best Reward:": 35421.049386222236, "ServedDemand": 5897.46997612774, "Best Served Demand": 5897.46997612774, "Reb. Cost": 1161.720242315376, "Best Reb. Cost": 1161.720242315376, "Spatial Reb. Cost": 14.606783812403393, "Avg. Time": 0.6054557313521703, "_wandb": {"runtime": 55}}