{"Episode": 5, "Desired Accumulation 0": 142.42096668669328, "_timestamp": 1711472529.303441, "_runtime": 1036.1069929599762, "_step": 225, "Total Demand 0": 6172.0, "Desired Acc. to Total Demand ratio 0": 0.023075334848783744, "Desired Accumulation 1": 46.0, "Total Demand 1": 10480.0, "Desired Acc. to Total Demand ratio 1": 0.004389312977099237, "Desired Accumulation 2": 46.0, "Total Demand 2": 6780.0, "Desired Acc. to Total Demand ratio 2": 0.006784660766961652, "Desired Accumulation 3": 46.0, "Total Demand 3": 3392.0, "Desired Acc. to Total Demand ratio 3": 0.013561320754716982, "Desired Accumulation 4": 46.0, "Total Demand 4": 5156.0, "Desired Acc. to Total Demand ratio 4": 0.008921644685802949, "Desired Accumulation 5": 46.0, "Total Demand 5": 6088.0, "Desired Acc. to Total Demand ratio 5": 0.0075558475689881735, "Desired Accumulation 6": 46.0, "Total Demand 6": 9476.0, "Desired Acc. to Total Demand ratio 6": 0.0048543689320388345, "Desired Accumulation 7": 46.0, "Total Demand 7": 9776.0, "Desired Acc. to Total Demand ratio 7": 0.004705400981996726, "Desired Accumulation 8": 46.0, "Total Demand 8": 9904.0, "Desired Acc. to Total Demand ratio 8": 0.0046445880452342485, "Desired Accumulation 9": 46.0, "Total Demand 9": 3840.0, "Desired Acc. to Total Demand ratio 9": 0.011979166666666667, "Desired Accumulation 10": 46.0, "Total Demand 10": 5584.0, "Desired Acc. to Total Demand ratio 10": 0.0082378223495702, "Desired Accumulation 11": 46.0, "Total Demand 11": 3524.0, "Desired Acc. to Total Demand ratio 11": 0.013053348467650397, "Desired Accumulation 12": 46.0, "Total Demand 12": 3072.0, "Desired Acc. to Total Demand ratio 12": 0.014973958333333334, "Desired Accumulation 13": 46.0, "Total Demand 13": 9364.0, "Desired Acc. to Total Demand ratio 13": 0.004912430585219991, "Desired Accumulation 14": 46.0, "Total Demand 14": 8284.0, "Desired Acc. to Total Demand ratio 14": 0.005552873008208595, "AVG Reward ": 98994.98514504844, "Std Reward ": 745.315962579567, "AVG Satisfied Demand ": 10709.08289301996, "AVG Charging Cost ": 2611.70274695386, "AVG Spatial Rebalancing Cost": 2824.71138091945, "AVG Timestep Time": 4.27128589451313, "_wandb": {"runtime": 1035}}