{"Episode": 416, "Desired Accumulation 0": 5580.394404263446, "_timestamp": 1695226766.953406, "_runtime": 128670.77001714706, "_step": 19135, "Total Demand 0": 6172.0, "Desired Acc. to Total Demand ratio 0": 0.9041468574632933, "Desired Accumulation 1": 5817.902401200528, "Total Demand 1": 10480.0, "Desired Acc. to Total Demand ratio 1": 0.5551433588931802, "Desired Accumulation 2": 6141.487891590858, "Total Demand 2": 6780.0, "Desired Acc. to Total Demand ratio 2": 0.9058241728010116, "Desired Accumulation 3": 5865.464241073267, "Total Demand 3": 3392.0, "Desired Acc. to Total Demand ratio 3": 1.7292052597503735, "Desired Accumulation 4": 5725.229422990455, "Total Demand 4": 5156.0, "Desired Acc. to Total Demand ratio 4": 1.1104013621005537, "Desired Accumulation 5": 5708.990420551328, "Total Demand 5": 6088.0, "Desired Acc. to Total Demand ratio 5": 0.9377448128369461, "Desired Accumulation 6": 5701.755553572917, "Total Demand 6": 9476.0, "Desired Acc. to Total Demand ratio 6": 0.601704891681397, "Desired Accumulation 7": 5535.488705199256, "Total Demand 7": 9776.0, "Desired Acc. to Total Demand ratio 7": 0.5662324780277471, "Desired Accumulation 8": 5612.201308264413, "Total Demand 8": 9904.0, "Desired Acc. to Total Demand ratio 8": 0.5666600674741935, "Desired Accumulation 9": 5743.738326787743, "Total Demand 9": 3840.0, "Desired Acc. to Total Demand ratio 9": 1.4957651892676413, "Desired Accumulation 10": 5748.591128378308, "Total Demand 10": 5584.0, "Desired Acc. to Total Demand ratio 10": 1.0294754886064306, "Desired Accumulation 11": 6047.192753700429, "Total Demand 11": 3524.0, "Desired Acc. to Total Demand ratio 11": 1.7160024840239585, "Desired Accumulation 12": 6001.71634693802, "Total Demand 12": 3072.0, "Desired Acc. to Total Demand ratio 12": 1.9536837066855535, "Desired Accumulation 13": 6444.459157966385, "Total Demand 13": 9364.0, "Desired Acc. to Total Demand ratio 13": 0.6882164841911987, "Desired Accumulation 14": 5500.559286939375, "Total Demand 14": 8284.0, "Desired Acc. to Total Demand ratio 14": 0.6639979824890603, "Reward": 323466.75955730234, "Best Reward:": 338441.5949379311, "ServedDemand": 36699.24910372334, "Best Served Demand": 38567.48052108449, "Reb. Cost": 11268.812181695086, "Best Reb. Cost": 12287.241397551457, "Spatial Reb. Cost": 148.14261665184267, "Avg. Time": 4.79203204313914, "_wandb": {"runtime": 128712}}