{"Episode": 1, "Desired Accumulation 0": 7034.387194221625, "_timestamp": 1695873894.4781199, "_runtime": 26.566120862960815, "_step": 15, "Total Demand 0": 11140.0, "Desired Acc. to Total Demand ratio 0": 0.6314530694992482, "Desired Accumulation 1": 6876.301270507264, "Total Demand 1": 6476.0, "Desired Acc. to Total Demand ratio 1": 1.0618130436237283, "Desired Accumulation 2": 6750.169418950937, "Total Demand 2": 10720.0, "Desired Acc. to Total Demand ratio 2": 0.6296799831110949, "Desired Accumulation 3": 6709.908768754134, "Total Demand 3": 10944.0, "Desired Acc. to Total Demand ratio 3": 0.6131130088408383, "Desired Accumulation 4": 6421.1953701125485, "Total Demand 4": 13856.0, "Desired Acc. to Total Demand ratio 4": 0.4634234533857209, "Reward": 123083.93484861273, "Best Reward:": 123083.93484861273, "ServedDemand": 20519.827539500806, "Best Served Demand": 20519.827539500806, "Reb. Cost": 4171.066674017588, "Best Reb. Cost": 4171.066674017588, "Spatial Reb. Cost": 64.9392717352793, "Avg. Time": 0.5454414635896683, "_wandb": {"runtime": 32}}