{"Episode": 225, "Desired Accumulation 0": 11993.0, "_timestamp": 1697923267.7954268, "_runtime": 147996.69610190392, "_step": 10349, "Total Demand 0": 19612.0, "Desired Acc. to Total Demand ratio 0": 0.6115133591678564, "Desired Accumulation 1": 12661.223184673523, "Total Demand 1": 30084.0, "Desired Acc. to Total Demand ratio 1": 0.42086235821943635, "Desired Accumulation 2": 13741.757024635648, "Total Demand 2": 53432.0, "Desired Acc. to Total Demand ratio 2": 0.2571821572210594, "Desired Accumulation 3": 12609.813062869474, "Total Demand 3": 23332.0, "Desired Acc. to Total Demand ratio 3": 0.5404514427768504, "Desired Accumulation 4": 13317.930550264875, "Total Demand 4": 39332.0, "Desired Acc. to Total Demand ratio 4": 0.3386029327332674, "Desired Accumulation 5": 12700.593619358415, "Total Demand 5": 19124.0, "Desired Acc. to Total Demand ratio 5": 0.6641180516292834, "Desired Accumulation 6": 11995.666344035115, "Total Demand 6": 6592.0, "Desired Acc. to Total Demand ratio 6": 1.819730938112123, "Desired Accumulation 7": 12827.757095302411, "Total Demand 7": 16284.0, "Desired Acc. to Total Demand ratio 7": 0.7877522166115458, "Desired Accumulation 8": 12645.703183255537, "Total Demand 8": 8104.0, "Desired Acc. to Total Demand ratio 8": 1.5604273424550268, "Desired Accumulation 9": 12786.701249688103, "Total Demand 9": 8732.0, "Desired Acc. to Total Demand ratio 9": 1.4643496621264434, "Desired Accumulation 10": 12050.00762507536, "Total Demand 10": 14740.0, "Desired Acc. to Total Demand ratio 10": 0.8175039094352347, "Desired Accumulation 11": 12847.946152132026, "Total Demand 11": 16272.0, "Desired Acc. to Total Demand ratio 11": 0.7895738785725188, "Desired Accumulation 12": 11352.295816644053, "Total Demand 12": 21508.0, "Desired Acc. to Total Demand ratio 12": 0.5278173617558143, "Desired Accumulation 13": 12300.362281835838, "Total Demand 13": 22620.0, "Desired Acc. to Total Demand ratio 13": 0.5437825942456161, "Desired Accumulation 14": 11991.158063456862, "Total Demand 14": 15676.0, "Desired Acc. to Total Demand ratio 14": 0.7649373605165133, "Reward": 732164.4241923497, "Best Reward:": 758138.4828891625, "ServedDemand": 88840.16826509881, "Best Served Demand": 92030.0472740465, "Reb. Cost": 22884.688793723417, "Best Reb. Cost": 24120.18571297811, "Spatial Reb. Cost": 388.3332877880188, "Avg. Time": 5.86871733268102}