{"Reward": 84593.85323860127, "ServedDemand": 10673.27898623709, "Reb. Cost": 2718.5438580534774, "Avg.Time": 97.82163429260254, "_timestamp": 1711476732.45092, "_runtime": 104.65238904953003, "_step": 0, "_wandb": {"runtime": 104}}