{"Episode": 111, "Desired Accumulation 0": 4355.339700166692, "_timestamp": 1696030216.6501005, "_runtime": 70653.73751139641, "_step": 5105, "Total Demand 0": 6172.0, "Desired Acc. to Total Demand ratio 0": 0.705661001323184, "Desired Accumulation 1": 4999.539362130566, "Total Demand 1": 10480.0, "Desired Acc. to Total Demand ratio 1": 0.47705528264604635, "Desired Accumulation 2": 4931.98097364374, "Total Demand 2": 6780.0, "Desired Acc. to Total Demand ratio 2": 0.7274308220713481, "Desired Accumulation 3": 4774.234002837001, "Total Demand 3": 3392.0, "Desired Acc. to Total Demand ratio 3": 1.4074982319684555, "Desired Accumulation 4": 5348.528313594876, "Total Demand 4": 5156.0, "Desired Acc. to Total Demand ratio 4": 1.0373406349097898, "Desired Accumulation 5": 4895.519175141571, "Total Demand 5": 6088.0, "Desired Acc. to Total Demand ratio 5": 0.8041260143136615, "Desired Accumulation 6": 4312.082629853634, "Total Demand 6": 9476.0, "Desired Acc. to Total Demand ratio 6": 0.4550530424075173, "Desired Accumulation 7": 4156.153136249008, "Total Demand 7": 9776.0, "Desired Acc. to Total Demand ratio 7": 0.42513841410075776, "Desired Accumulation 8": 4740.617503267701, "Total Demand 8": 9904.0, "Desired Acc. to Total Demand ratio 8": 0.47865685614576947, "Desired Accumulation 9": 4909.975909401086, "Total Demand 9": 3840.0, "Desired Acc. to Total Demand ratio 9": 1.278639559739866, "Desired Accumulation 10": 4942.035749160483, "Total Demand 10": 5584.0, "Desired Acc. to Total Demand ratio 10": 0.8850350553654159, "Desired Accumulation 11": 4750.530175116289, "Total Demand 11": 3524.0, "Desired Acc. to Total Demand ratio 11": 1.3480505604756778, "Desired Accumulation 12": 4791.245922366564, "Total Demand 12": 3072.0, "Desired Acc. to Total Demand ratio 12": 1.559650365353699, "Desired Accumulation 13": 5534.958298243034, "Total Demand 13": 9364.0, "Desired Acc. to Total Demand ratio 13": 0.5910890963523103, "Desired Accumulation 14": 5510.1394279857, "Total Demand 14": 8284.0, "Desired Acc. to Total Demand ratio 14": 0.66515444567669, "Reward": 235188.1400738805, "Best Reward:": 251127.7349037362, "ServedDemand": 24897.87937582179, "Best Served Demand": 27047.664579952343, "Reb. Cost": 7688.022803422668, "Best Reb. Cost": 8490.060000560985, "Spatial Reb. Cost": 116.94261151724095, "Avg. Time": 8.490503559509913, "_wandb": {"runtime": 71400}}