{"Episode": 1, "Desired Accumulation 0": 3886.24817135983, "_timestamp": 1695875273.1576066, "_runtime": 29.956024646759033, "_step": 15, "Total Demand 0": 11140.0, "Desired Acc. to Total Demand ratio 0": 0.348855311612193, "Desired Accumulation 1": 3737.8947658430134, "Total Demand 1": 6476.0, "Desired Acc. to Total Demand ratio 1": 0.5771919033111509, "Desired Accumulation 2": 3690.028699659288, "Total Demand 2": 10720.0, "Desired Acc. to Total Demand ratio 2": 0.3442190951174709, "Desired Accumulation 3": 3781.3547772147776, "Total Demand 3": 10944.0, "Desired Acc. to Total Demand ratio 3": 0.34551852861977134, "Desired Accumulation 4": 3474.916009163973, "Total Demand 4": 13856.0, "Desired Acc. to Total Demand ratio 4": 0.25078781821333523, "Reward": 63669.548723966145, "Best Reward:": 63669.548723966145, "ServedDemand": 10176.793432389031, "Best Served Demand": 10176.793432389031, "Reb. Cost": 1476.778613358561, "Best Reb. Cost": 1476.778613358561, "Spatial Reb. Cost": 17.454, "Avg. Time": 0.6008102844158808, "_wandb": {"runtime": 50}}