{"Reward": 1079170.902883478, "ServedDemand": 139814.9426563045, "Reb. Cost": 0, "Avg.Time": 16.312595397233963, "_timestamp": 1711451637.6481998, "_runtime": 789.5133938789368, "_step": 0, "_wandb": {"runtime": 789}}