{"Episode": 1, "Desired Accumulation 0": 5413.089228050126, "_timestamp": 1694703518.0570903, "_runtime": 102.17639923095703, "_step": 30, "Total Demand 0": 5084.0, "Desired Acc. to Total Demand ratio 0": 1.0647303753049027, "Desired Accumulation 1": 5461.705293541367, "Total Demand 1": 6760.0, "Desired Acc. to Total Demand ratio 1": 0.807944570050498, "Desired Accumulation 2": 5857.218148058433, "Total Demand 2": 4708.0, "Desired Acc. to Total Demand ratio 2": 1.244099011907059, "Desired Accumulation 3": 5634.631335649733, "Total Demand 3": 2932.0, "Desired Acc. to Total Demand ratio 3": 1.921770578325284, "Desired Accumulation 4": 5377.336303221685, "Total Demand 4": 3836.0, "Desired Acc. to Total Demand ratio 4": 1.4018082125186875, "Desired Accumulation 5": 5530.744217110378, "Total Demand 5": 5116.0, "Desired Acc. to Total Demand ratio 5": 1.0810680643296282, "Desired Accumulation 6": 6277.013411502923, "Total Demand 6": 8040.0, "Desired Acc. to Total Demand ratio 6": 0.7807230611322044, "Desired Accumulation 7": 6082.788052959595, "Total Demand 7": 9060.0, "Desired Acc. to Total Demand ratio 7": 0.6713894098189398, "Desired Accumulation 8": 7583.490780056749, "Total Demand 8": 9140.0, "Desired Acc. to Total Demand ratio 8": 0.8297035864394693, "Desired Accumulation 9": 5293.841116849513, "Total Demand 9": 3624.0, "Desired Acc. to Total Demand ratio 9": 1.4607729351130003, "Reward": 284581.2704685975, "Best Reward:": 284581.2704685975, "ServedDemand": 36758.21001341075, "Best Served Demand": 36758.21001341075, "Reb. Cost": 28331.699413702565, "Best Reb. Cost": 28331.699413702565, "Spatial Reb. Cost": 446.30773283945126, "Avg. Time": 2.107080007592837, "_wandb": {"runtime": 121}}