{"Episode": 1, "Desired Accumulation 0": 1045.3106181792637, "_timestamp": 1694507684.6271899, "_runtime": 13.762001991271973, "_step": 15, "Total Demand 0": 4206.0, "Desired Acc. to Total Demand ratio 0": 0.24852843989045736, "Desired Accumulation 1": 1192.1912714724394, "Total Demand 1": 3700.0, "Desired Acc. to Total Demand ratio 1": 0.32221385715471335, "Desired Accumulation 2": 1120.1286566585477, "Total Demand 2": 1848.0, "Desired Acc. to Total Demand ratio 2": 0.6061302254645821, "Desired Accumulation 3": 1004.2796688062576, "Total Demand 3": 2348.0, "Desired Acc. to Total Demand ratio 3": 0.42771706507932605, "Desired Accumulation 4": 1052.252448316961, "Total Demand 4": 1694.0, "Desired Acc. to Total Demand ratio 4": 0.621164373268572, "Reward": 32871.84061850663, "Best Reward:": 32871.84061850663, "ServedDemand": 5985.837336566531, "Best Served Demand": 5985.837336566531, "Reb. Cost": 1075.0104078708318, "Best Reb. Cost": 1075.0104078708318, "Spatial Reb. Cost": 53.301550622145164, "_wandb": {"runtime": 23}}