{"Reward": 2366274.450069761, "ServedDemand": 351832.9918103603, "Reb. Cost": 105058.95764923956, "Avg.Time": 33.32821043501509, "_timestamp": 1711450829.0786462, "_runtime": 1573.299488067627, "_step": 0, "_wandb": {"runtime": 1573}}