{"Episode": 1, "Desired Accumulation 0": 3649.155516241057, "_timestamp": 1694476403.7923198, "_runtime": 47.2086226940155, "_step": 30, "Total Demand 0": 5090.0, "Desired Acc. to Total Demand ratio 0": 0.7169264275522705, "Desired Accumulation 1": 3800.0833020208947, "Total Demand 1": 6778.0, "Desired Acc. to Total Demand ratio 1": 0.5606496462114038, "Desired Accumulation 2": 3472.4108562310057, "Total Demand 2": 4702.0, "Desired Acc. to Total Demand ratio 2": 0.7384965666165474, "Desired Accumulation 3": 3481.537983019178, "Total Demand 3": 2970.0, "Desired Acc. to Total Demand ratio 3": 1.1722350111175683, "Desired Accumulation 4": 3543.3629811251303, "Total Demand 4": 3842.0, "Desired Acc. to Total Demand ratio 4": 0.9222704271538601, "Desired Accumulation 5": 3585.9909317114657, "Total Demand 5": 5116.0, "Desired Acc. to Total Demand ratio 5": 0.7009364604596298, "Desired Accumulation 6": 3586.4794339615264, "Total Demand 6": 8046.0, "Desired Acc. to Total Demand ratio 6": 0.44574688465840495, "Desired Accumulation 7": 3627.0986109660826, "Total Demand 7": 9066.0, "Desired Acc. to Total Demand ratio 7": 0.4000770583461375, "Desired Accumulation 8": 3695.8374378228855, "Total Demand 8": 9146.0, "Desired Acc. to Total Demand ratio 8": 0.4040933126856424, "Desired Accumulation 9": 3275.4692675019473, "Total Demand 9": 3658.0, "Desired Acc. to Total Demand ratio 9": 0.8954262623023366, "Reward": 270986.8028563621, "Best Reward:": 270986.8028563621, "ServedDemand": 32671.573679400783, "Best Served Demand": 32671.573679400783, "Reb. Cost": 12377.462313911432, "Best Reb. Cost": 12377.462313911432, "Spatial Reb. Cost": 224.4388905923766, "_wandb": {"runtime": 59}}