{"Episode": 23, "Desired Accumulation 0": 6287.423356850666, "_timestamp": 1694902460.7635036, "_runtime": 3004.6422805786133, "_step": 712, "Total Demand 0": 5084.0, "Desired Acc. to Total Demand ratio 0": 1.2367079773506424, "Desired Accumulation 1": 5996.148498071804, "Total Demand 1": 6760.0, "Desired Acc. to Total Demand ratio 1": 0.8870042156910953, "Desired Accumulation 2": 5633.949360980472, "Total Demand 2": 4708.0, "Desired Acc. to Total Demand ratio 2": 1.196675735127543, "Desired Accumulation 3": 5500.9379924355, "Total Demand 3": 2932.0, "Desired Acc. to Total Demand ratio 3": 1.876172575864768, "Desired Accumulation 4": 6050.596000780917, "Total Demand 4": 3836.0, "Desired Acc. to Total Demand ratio 4": 1.5773190825810524, "Desired Accumulation 5": 5772.480233687951, "Total Demand 5": 5116.0, "Desired Acc. to Total Demand ratio 5": 1.128319044896003, "Desired Accumulation 6": 6367.3923796595645, "Total Demand 6": 8040.0, "Desired Acc. to Total Demand ratio 6": 0.7919642263258165, "Desired Accumulation 7": 6529.915432629361, "Total Demand 7": 9060.0, "Desired Acc. to Total Demand ratio 7": 0.72074121772951, "Desired Accumulation 8": 6204.325625414793, "Total Demand 8": 9140.0, "Desired Acc. to Total Demand ratio 8": 0.6788102434808307, "Desired Accumulation 9": 5507.372458242266, "Total Demand 9": 3624.0, "Desired Acc. to Total Demand ratio 9": 1.5196943869321924, "Reward": 286973.64725739864, "Best Reward:": 291017.3163920525, "ServedDemand": 36614.03567239769, "Best Served Demand": 36679.915808331956, "Reb. Cost": 25282.04169453741, "Best Reb. Cost": 21933.80786452889, "Spatial Reb. Cost": 242.54643552006496, "Avg. Time": 2.0835760285456977, "_wandb": {"runtime": 3109}}